Territorial,Expediente,Estado,Naturaleza,Clase de Empresa,Municipio,Corregimiento,Vereda,Actividad,Resolución,Descriptor,Fecha Resolución
Zenufaná,ZF6-2013-1,Activo,Jurídica,Privada,Puerto Nare,La Sierra,No registrada,Industrial,130ZF-1307-6002,Por la cual se otorga un permiso,10/07/2013
Tahamíes,TH6-2008-1,Archivado,Jurídica,Privada,Yarumal,Llanos De Cuiva,No registrada,Quemas abiertas controladas en zonas rurales,130TH-1208-9362,Por la cual se adopta una decisión,31/08/2012
Tahamíes,TH6-2015-3,Archivado,Jurídica,Privada,Yarumal,No registrado,No registrada,No aplica,160TH-1509-11941,Por la cual se adopta una decisión,28/09/2015
Aburrá Norte,AN6-2023-3,Activo,Jurídica,Privada,Medellín,Altavista,Aguas Frias,Operación de calderas,160AN-RES2310-5037,Por la cual se otorga un permiso,06/10/2023
Hevéxicos,HX6-2014-2,Archivado,Jurídica,Privada,Santa Fé De Antioquia,No registrado,No registrada,Procesos susceptibles de producir emisiones de sust. tóxicas,130HX-1406-7279,Por la cual se otorga un permiso,17/06/2014
Aburrá Norte,AN6-2005-2,Activo,Jurídica,Privada,Medellín,No registrado,San Diego,Emisiones de contaminantes por explotación minera,130AN-3844,Por la cual se otorga un permiso de emisiones atmosféricas para fuentes fijas,24/10/2005
Zenufaná,ZF6-2009-13,Archivado,Jurídica,Privada,Yolombó,No registrado,Playa Rica,Quemas abiertas controladas en zonas rurales,130ZF-1411-6869,Por la cual se archiva un expediente,27/11/2014
Zenufaná,ZF6-2015-1,Archivado,Jurídica,Privada,Yalí,No registrado,San Pedrito,Quemas abiertas controladas en zonas rurales,160ZF-RES1807-3852,Por la cual se acepta un desistimiento,13/07/2018
Panzenú,PZ6-2017-21,Activo,Natural,-No aplica-,Caucasia,No registrado,No registrada,Industrial,160PZ-RES2312-6508,Por la cual se adopta una decisión,12/12/2023
Aburrá Sur,AS6-2013-3,Archivado,Jurídica,Privada,Itaguí,No registrado,Los Gómez,Operación de calderas,160AS-RES2107-4382,Por la cual se prorroga un permiso,23/07/2021
Aburrá Norte,AN6-2006-3,Activo,Jurídica,Privada,Medellín,Altavista,Aguas Frias,Explotación minera,130AN-8547,Por la cual se otorga un permiso de emisiones atmosféricas para fuentes fijas,21/08/2008
Zenufaná,ZF6-2011-1,Archivado,Jurídica,Privada,Yolombó,San Cristobal,El Yolombo,Quemas abiertas controladas en zonas rurales,No registra,Por la cual se otorga un permiso,13/04/2012
Aburrá Sur,AS6-1996-62,Archivado,Jurídica,-No aplica-,Amagá,No registrado,Travesías,Descargas Atmosféricas por chimeneas o ductos(Comerciales),130AS-1109-6135,Por la cual se adopta una decisión,07/09/2011
Zenufaná,ZF6-2004-16,Archivado,Natural,-No aplica-,Segovia,No registrado,No registrada,Descargas Atmosféricas por chimeneas o ductos (industriales),130ZF-1301-5723,Por la cual se resuelve un recurso de reposición,16/01/2013
Cartama,CA6-2020-12,Activo,Natural,-No aplica-,Venecia,Bolombolo,No registrada,Explotación minera,160CA-RES2103-1263,Por la cual se otorga un permiso,08/03/2021
Zenufaná,ZF6-2020-4,Archivado,Jurídica,Privada,Puerto Berrío,No registrado,Dorado Calamar,Industrial,160ZF-RES2007-4399,Por la cual se otorga un permiso,31/07/2020
Aburrá Sur,AS6-2011-2,Archivado,Jurídica,Privada,Caldas,No registrado,La Raya,Industrial,160AS-1508-9377,Por la cual se acepta un desistimiento tácito,27/08/2015
Aburrá Norte,AN6-2015-3,Archivado,Jurídica,Privada,Medellín,Altavista,Aguas Frias,Descargas Atmosféricas por chimeneas o ductos (industriales),160AN-1609-18347,Por la cual se otorga un permiso,19/09/2016
Panzenú,PZ6-2013-2,Activo,Jurídica,Privada,Caucasia,No registrado,No registrada,Industrial,160PZ-RES2410-4534,Por la cual se archiva un expediente,18/10/2024
Aburrá Sur,AS6-2016-2,Activo,Jurídica,Privada,Amagá,No registrado,No registrada,Descargas Atmosféricas por chimeneas o ductos (industriales),160AS-RES2211-6712,Por la cual se prorroga un permiso,11/11/2022
Cartama,CA6-2015-1,Activo,Natural,-No aplica-,Fredonia,Palomos,No registrada,Industrial,160CA-RES1803-1348,Por la cual se otorga un permiso,21/03/2018
Cartama,CA6-2016-1,Archivado,Jurídica,Privada,Venecia,Bolombolo,No registrada,Descargas Atmosféricas por chimeneas o ductos(servicio),160CA-RES2109-5709,Por la cual se termina anticipadamente un trámite o permiso,08/09/2021
Aburrá Norte,AN6-2019-1,Activo,Jurídica,Privada,Copacabana,No registrado,El Convento,Industrial,160AN-RES2205-2489,Por la cual se otorga un permiso,09/05/2022
Hevéxicos,HX6-2006-2,Archivado,Jurídica,Privada,Buriticá,El Naranjo,No registrada,Almacenamiento de petróleo y sus derivados.,130HX-3533,Por la cual se otorga un permiso de emisiones atmosféricas para fuentes fijas,08/02/2008
Zenufaná,ZF6-2005-7,Archivado,Natural,-No aplica-,Segovia,No registrado,No registrada,Emisiones de contaminantes por explotación minera,130ZF-1105-4453,Por la cual se adopta una decisión,12/05/2011
Tahamíes,TH6-2009-3,Archivado,Natural,-No aplica-,Santa Rosa De Osos,No registrado,La Clara,Quemas abiertas controladas en zonas rurales,160TH-1512-12350,Por la cual se termina anticipadamente un trámite o permiso,21/12/2015
Aburrá Sur,AS6-2009-1,Archivado,Jurídica,Privada,La Estrella,No registrado,No registrada,Operación de calderas,130AS-1108-6124,Por la cual se niega un permiso,31/08/2011
Aburrá Norte,AN6-2008-2,Archivado,Jurídica,Privada,Girardota,No registrado,San Diego,Emisiones de contaminantes por explotación minera,130AN-8630,Por la cual se otorga un permiso de emisiones atmosféricas para fuentes fijas,17/09/2008
Aburrá Sur,AS6-2015-2,Activo,Natural,-No aplica-,Itaguí,No registrado,El Ajizal,Industrial,160AS-RES2112-8222,Por la cual se adopta una decisión,10/12/2021
Zenufaná,ZF6-2004-26,Archivado,Natural,-No aplica-,Remedios,No registrado,No registrada,Descargas Atmosféricas por chimeneas o ductos(servicio),130ZF-1105-4474,Por la cual se adopta una decisión,16/05/2011
Tahamíes,TH6-2019-14,Activo,Jurídica,Privada,Santa Rosa De Osos,No registrado,No registrada,Procesos o actividades susceptibles de producir misiones de,160TH-RES2002-890,Por la cual se adopta una decisión,25/02/2020
Aburrá Sur,AS6-2017-9,Archivado,Jurídica,Privada,Amagá,Camilo C,No registrada,Incineración de Residuos Sólidos,160AS-RES1705-2280,Por la cual se inadmite una solicitud,11/05/2017
Aburrá Sur,AS6-2016-1,Activo,Jurídica,Privada,Amagá,No registrado,No registrada,Descargas Atmosféricas por chimeneas o ductos (industriales),160AS-RES1701-322,Por la cual se otorga un permiso,19/01/2017
Tahamíes,TH6-2015-4,Activo,Jurídica,Privada,San Pedro De Los Milagros,No registrado,No registrada,No aplica,160TH-1508-11833,Por la cual se adopta una decisión,11/08/2015
Panzenú,PZ6-2013-3,Activo,Jurídica,Privada,Caucasia,No registrado,No registrada,Producción de lubricantes y combustibles,No registra,Por la cual se otorga el certificado en materia de revisión de gases,26/03/2025
Zenufaná,ZF6-2016-2,Archivado,Jurídica,Privada,Segovia,No registrado,Manzanillo,Explotación minera,160ZF-1612-8386,Por la cual se niega un permiso,13/12/2016
Zenufaná,ZF6-2012-2,Archivado,Jurídica,Privada,Caracolí,No registrado,Botijas,Quemas abiertas controladas en zonas rurales,130ZF-1212-5581,Por la cual se otorga un permiso,06/12/2012
Tahamíes,TH6-2003-1,Archivado,Jurídica,Publica,Yarumal,No registrado,No registrada,Incineración de Residuos gaseosos,130TH-4512,Por la cual se otorga un permiso de emisiones atmosféricas para fuentes móviles,30/08/2005
Panzenú,PZ6-2013-2,Activo,Jurídica,Privada,Caucasia,No registrado,No registrada,Industrial,160PZ-RES2306-2845,"Por la cual se modifica un permiso, concesión o autorización",22/06/2023
Tahamíes,TH6-2022-2,Activo,Jurídica,Privada,Yarumal,No registrado,El Yarumalito,Emisiones de contaminantes por explotación minera,160TH-RES2310-5265,Por la cual se otorga un plazo adicional,19/10/2023
Aburrá Norte,AN6-2012-1,Archivado,Jurídica,Privada,Bello,No registrado,No registrada,Industrial,130AN-1404-14984,Por la cual se otorga un permiso,11/04/2014
Aburrá Norte,AN6-2006-5,Activo,Jurídica,Privada,Bello,No registrado,Granizal,Explotación minera,160AN-RES2310-5107,Por la cual se prorroga un permiso,10/10/2023
Aburrá Sur,AS6-2010-2,Activo,Jurídica,Privada,Sabaneta,No registrado,No registrada,Utilización de Aceites usados,160AS-1511-9598,Por la cual se acepta un desistimiento tácito,09/11/2015
Zenufaná,ZF6-2004-4,Archivado,Natural,-No aplica-,Segovia,No registrado,No registrada,Emisiones de contaminantes por explotación minera,130ZF-1104-4429,Por la cual se adopta una decisión,29/04/2011
Tahamíes,TH6-2016-2,Archivado,Jurídica,Privada,Donmatías,No registrado,No registrada,Industrial,160TH-1610-12904,Por la cual se rechaza una solicitud,20/10/2016
Tahamíes,TH6-2008-2,Archivado,Jurídica,Privada,Santa Rosa De Osos,No registrado,No registrada,No aplica,130TH-6619,Por la cual se otorga un permiso de emisiones atmosféricas para fuentes fijas,28/08/2008
Aburrá Norte,AN6-2020-8,Archivado,Jurídica,Privada,Girardota,No registrado,La Palma,Operación de calderas,160AN-RES2111-7190,Por la cual se otorga un permiso,05/11/2021
Hevéxicos,HX6-2014-2,Archivado,Jurídica,Privada,Santa Fé De Antioquia,No registrado,No registrada,Procesos susceptibles de producir emisiones de sust. tóxicas,160HX-RES1802-941,"Por la cual se modifica un permiso, concesión o autorización",27/02/2018
Panzenú,PZ6-2017-21,Activo,Natural,-No aplica-,Caucasia,No registrado,No registrada,Industrial,160PZ-RES2010-6068,Por la cual se suspende un trámite o permiso,29/10/2020
Aburrá Sur,AS6-2005-1,Activo,Jurídica,Privada,Amagá,No registrado,Piedecuesta,Descargas Atmosféricas por chimeneas o ductos (industriales),160AS-RES2001-273,Por la cual se prorroga un permiso,20/01/2020
Zenufaná,ZF6-2009-8,Archivado,Natural,-No aplica-,Segovia,No registrado,No registrada,Industrial,130ZF-1201-4889,Por la cual se adopta una decisión,18/01/2012
Zenufaná,ZF6-2020-4,Archivado,Jurídica,Privada,Puerto Berrío,No registrado,Dorado Calamar,Industrial,160ZF-RES2312-6359,Por la cual se archiva un expediente,04/12/2023
Zenufaná,ZF6-2011-3,Archivado,Jurídica,Privada,Caracolí,No registrado,Botijas,Quemas abiertas controladas en zonas rurales,130ZF-1208-5346,Por la cual se otorga un permiso,15/08/2012
Hevéxicos,HX6-2014-2,Archivado,Jurídica,Privada,Santa Fé De Antioquia,No registrado,No registrada,Procesos susceptibles de producir emisiones de sust. tóxicas,160HX-RES2010-5735,"Por la cual se modifica un permiso, concesión o autorización",07/10/2020
Aburrá Sur,AS6-1996-3,Archivado,Jurídica,Privada,Caldas,No registrado,Mani Del Cardal,Quemas abiertas controladas en zonas rurales,130AS-277,Por la cual se otorga un permiso de emisiones atmosféricas para fuentes fijas,28/04/1999
Panzenú,PZ6-2013-3,Activo,Jurídica,Privada,Caucasia,No registrado,No registrada,Producción de lubricantes y combustibles,160PZ-RES2412-5747,Por la cual se otorga el certificado en materia de revisión de gases,20/12/2024
Tahamíes,TH6-1996-123,Archivado,Jurídica,Privada,Yarumal,Llanos De Cuiva,No registrada,Industrial,130TH-1209-9367,Por la cual se niega una prorroga,03/09/2012
Zenufaná,ZF6-2007-5,Activo,Jurídica,Publica,Puerto Nare,La Sierra,No registrada,Operación de plantas termoeléctricas,160ZF-RES2311-5971,Por la cual se adopta una decisión,20/11/2023
Zenufaná,ZF6-2008-2,Archivado,Jurídica,Privada,Amalfi,No registrado,La Víborita,Emisiones de contaminantes por explotación minera,130ZF-1205-5152,Por la cual se adopta una decisión,11/05/2012
Aburrá Norte,AN6-2003-2,Activo,Jurídica,Privada,Medellín,San Cristobal,La Loma,Explotación minera,130AN-1210-13500,Por la cual se cambia de solicitante,08/10/2012
Zenufaná,ZF6-2014-2,Archivado,Jurídica,Privada,Segovia,No registrado,No registrada,Descargas Atmosféricas por chimeneas o ductos(servicio),130ZF-1412-6901,Por la cual se adopta una decisión,10/12/2014
Aburrá Norte,AN6-1996-108,Archivado,Jurídica,Privada,Copacabana,No registrado,Ancón 2,Industrial,130AN-1965,Por la cual se prorroga un permiso de emisiones atmosféricas para fuentes fijas,19/02/2004
Hevéxicos,HX6-2014-2,Archivado,Jurídica,Privada,Santa Fé De Antioquia,No registrado,No registrada,Procesos susceptibles de producir emisiones de sust. tóxicas,160HX-RES2405-2079,Por la cual se archiva un expediente,31/05/2024
Hevéxicos,HX6-2014-2,Archivado,Jurídica,Privada,Santa Fé De Antioquia,No registrado,No registrada,Procesos susceptibles de producir emisiones de sust. tóxicas,160HX-RES1906-3127,Por la cual se adopta una decisión,18/06/2019
Tahamíes,TH6-2019-14,Activo,Jurídica,Privada,Santa Rosa De Osos,No registrado,No registrada,Procesos o actividades susceptibles de producir misiones de,160TH-RES2306-2517,Por la cual se adopta una decisión,05/06/2023
Aburrá Norte,AN6-1996-108,Archivado,Jurídica,Privada,Copacabana,No registrado,Ancón 2,Industrial,130AN-148,Por la cual se otorga un permiso de emisiones atmosféricas para fuentes fijas,27/01/1999
Cartama,CA6-2015-2,Archivado,Jurídica,Privada,Venecia,No registrado,Sinifaná,Industrial,160CA-RES1912-7995,Por la cual se rechaza un recurso de reposición,26/12/2019
Zenufaná,ZF6-2012-1,Archivado,Jurídica,Privada,Amalfi,No registrado,No registrada,Quemas abiertas controladas en zonas rurales,130ZF-1402-6408,Por la cual se archiva un expediente,26/02/2014
Aburrá Sur,AS6-2009-1,Archivado,Jurídica,Privada,La Estrella,No registrado,No registrada,Operación de calderas,160AS-RES1903-1291,Por la cual se archiva un expediente,12/03/2019
Tahamíes,TH6-1996-19,Archivado,Jurídica,Privada,San Pedro De Los Milagros,No registrado,No registrada,Industrial,130TH-1203-8895,Por la cual se niega una prorroga,15/03/2012
Aburrá Norte,AN6-2014-4,Activo,Jurídica,Privada,Medellín,Altavista,No registrada,Descargas Atmosféricas por chimeneas o ductos (industriales),160AN-RES2312-6765,Por la cual se otorga un permiso,19/12/2023
Aburrá Norte,AN6-2008-4,Archivado,Jurídica,Privada,Medellín,Altavista,No registrada,No aplica,160AN-RES1805-2704,Por la cual se otorga un permiso y se toman otras determinaciones,21/05/2018
Panzenú,PZ6-2018-4,Archivado,Jurídica,Privada,Zaragoza,No registrado,Chilona Abajo,Explotación minera,160PZ-RES1905-2767,Por la cual se adopta una decisión,30/05/2019
Panzenú,PZ6-2018-4,Archivado,Jurídica,Privada,Zaragoza,No registrado,Chilona Abajo,Explotación minera,160PZ-RES2110-6948,Por la cual se adopta una decisión,27/10/2021
Aburrá Sur,AS6-2011-3,Archivado,Jurídica,Privada,Caldas,No registrado,La Aguacatala,Industrial,No registra,Por la cual se adopta una decisión,26/04/2012
Aburrá Sur,AS6-2015-2,Activo,Natural,-No aplica-,Itaguí,No registrado,El Ajizal,Industrial,160AS-RES2001-236,Por la cual se otorga un plazo adicional,17/01/2020
Aburrá Norte,AN6-2017-19,Archivado,Jurídica,Privada,Medellín,Altavista,Altavista,Explotación minera,160AN-RES2107-4497,Por la cual se acepta un desistimiento,27/07/2021
Tahamíes,TH6-2015-4,Activo,Jurídica,Privada,San Pedro De Los Milagros,No registrado,No registrada,No aplica,160TH-1603-12524,Por la cual se adopta una decisión,17/03/2016
Aburrá Norte,AN6-2012-1,Archivado,Jurídica,Privada,Bello,No registrado,No registrada,Industrial,160AN-RES1809-5106,Por la cual se impone una medida preventiva,19/09/2018
Cartama,CA6-2017-8,Archivado,Jurídica,Privada,Támesis,No registrado,No registrada,Operación de calderas,160CA-RES1705-2618,Por la cual se otorga un permiso,26/05/2017
Zenufaná,ZF6-2009-13,Archivado,Jurídica,Privada,Yolombó,No registrado,Playa Rica,Quemas abiertas controladas en zonas rurales,130ZF-1401-6366,Por la cual se niega un permiso,14/01/2014
Aburrá Norte,AN6-2006-4,Archivado,Jurídica,Privada,Medellín,San Cristobal,La Loma,Descargas Atmosféricas por chimeneas o ductos (industriales),130AN-6199,Por la cual se otorga un permiso de emisiones atmosféricas para fuentes fijas,15/02/2007
Zenufaná,ZF6-2009-9,Archivado,Jurídica,Privada,Yolombó,No registrado,La Bengala,Emisiones transitorias (construcciones),130ZF-3772,Por la cual se otorga un permiso de emisiones atmosféricas para fuentes fijas,27/11/2009
Zenufaná,ZF6-2017-4,Archivado,Jurídica,Privada,Amalfi,No registrado,Naranjal,Quemas abiertas controladas en zonas rurales,160ZF-RES1704-1678,Por la cual se inadmite una solicitud,04/04/2017
Hevéxicos,HX6-2015-1,Archivado,Jurídica,Privada,Sopetrán,No registrado,No registrada,Industrial,160HX-1511-8033,Por la cual se inadmite una solicitud,23/11/2015
Cartama,CA6-2018-7,Archivado,Natural,-No aplica-,Venecia,No registrado,Santa Rosita,No aplica,160CA-RES1811-6474,Por la cual se archiva un expediente,22/11/2018
Aburrá Norte,AN6-2019-10,Archivado,Jurídica,Privada,Girardota,No registrado,Portachuelo,Descargas Atmosféricas por chimeneas o ductos (industriales),160AN-RES2211-7087,Por la cual se niega un permiso,28/11/2022
Zenufaná,ZF6-2017-3,Archivado,Jurídica,Privada,Yolombó,No registrado,Cachumbal,Quemas abiertas controladas en zonas rurales,160ZF-RES1704-1679,Por la cual se inadmite una solicitud,04/04/2017
Aburrá Norte,AN6-2004-3,Archivado,Jurídica,Privada,Medellín,Altavista,Corazon,Explotación minera,130AN-1403-14933,Por la cual se archiva un expediente,25/03/2014
Aburrá Sur,AS6-2015-2,Activo,Jurídica,Privada,Itaguí,No registrado,El Ajizal,Industrial,160AS-1512-9687,Por la cual se otorga un permiso,10/12/2015
Aburrá Sur,AS6-2010-3,Archivado,Natural,-No aplica-,La Estrella,No registrado,No registrada,Emisiones transitorias (construcciones),130AS-1302-7356,Por la cual se adopta una decisión,06/02/2013
Aburrá Norte,AN6-2019-1,Activo,Jurídica,Privada,Copacabana,No registrado,El Convento,Industrial,160AN-RES2206-3290,Por la cual se traspasa un permiso,09/06/2022
Tahamíes,TH6-2015-3,Archivado,Jurídica,Privada,Yarumal,No registrado,No registrada,No aplica,160TH-RES1804-2018,Por la cual se adopta una decisión,18/04/2018
Zenufaná,ZF6-2010-1,Archivado,Jurídica,Privada,Vegachí,No registrado,No registrada,Quemas abiertas controladas en zonas rurales,130ZF-1206-5225,Por la cual se adopta una decisión,07/06/2012
Zenufaná,ZF6-2004-18,Archivado,Natural,-No aplica-,Segovia,No registrado,No registrada,Emisiones de contaminantes por explotación minera,130ZF-1202-4987,Por la cual se adopta una decisión,06/02/2012
Zenufaná,ZF6-2005-1,Archivado,Natural,-No aplica-,Remedios,No registrado,No registrada,Descargas Atmosféricas por chimeneas o ductos (industriales),130ZF-1105-4476,Por la cual se adopta una decisión,16/05/2011
Tahamíes,TH6-2005-2,Archivado,Natural,-No aplica-,Carolina Del Príncipe,No registrado,No registrada,Quemas abiertas controladas en zonas rurales,130TH-4399,Por la cual se niega un permiso de emisiones atmosféricas para fuentes fijas,05/07/2005
Panzenú,PZ6-2013-1,Activo,Jurídica,Privada,Caucasia,No registrado,No registrada,Industrial,130PZ-1412-3069,Por la cual se otorga un permiso,26/12/2014
Zenufaná,ZF6-2005-4,Archivado,Natural,-No aplica-,Segovia,No registrado,No registrada,Emisiones de contaminantes por explotación minera,130ZF-1105-4452,Por la cual se adopta una decisión,12/05/2011
Aburrá Norte,AN6-2005-5,Archivado,Jurídica,Privada,Medellín,San Cristobal,Las Playas,Descargas Atmosféricas por chimeneas o ductos (industriales),160AN-RES1904-1723,Por la cual se resuelve un recurso de reposición,03/04/2019
Zenufaná,ZF6-2021-1,Archivado,Natural,-No aplica-,Yolombó,No registrado,Resumideros,No aplica,160ZF-RES2107-4240,Por la cual se resuelve un recurso de reposición,15/07/2021
Aburrá Norte,AN6-2004-4,Archivado,Jurídica,Privada,Bello,No registrado,La Primavera,Explotación minera,130AN-3843,Por la cual se otorga un permiso de emisiones atmosféricas para fuentes fijas,24/10/2005
Panzenú,PZ6-2000-1,Archivado,Jurídica,Privada,El Bagre,No registrado,No registrada,Industrial,130PZ-1380,Por la cual se otorga un permiso de emisiones atmosféricas para fuentes fijas,10/07/2007
Aburrá Sur,AS6-2013-3,Archivado,Jurídica,Privada,Itaguí,No registrado,Los Gómez,Operación de calderas,130AS-1411-8766,Por la cual se otorga un permiso,05/11/2014
Tahamíes,TH6-2015-2,Archivado,Jurídica,Privada,Santa Rosa De Osos,No registrado,No registrada,No aplica,160TH-RES1804-2310,Por la cual se resuelve un recurso de reposición,26/04/2018
Aburrá Norte,AN6-2014-3,Activo,Jurídica,Privada,Medellín,Altavista,Aguas Frias,No aplica,160AN-1506-16948,Por la cual se prorroga un permiso,11/06/2015
Aburrá Norte,AN6-2018-5,Activo,Jurídica,Privada,Girardota,No registrado,San Diego,Explotación minera,160AN-RES1903-1455,Por la cual se otorga un permiso,20/03/2019
Cartama,CA6-2013-1,Archivado,Jurídica,-No aplica-,Fredonia,Puente Iglesias,No registrada,Quemas abiertas controladas en zonas rurales,130CA-1311-8163,Por la cual se rechaza una solicitud,01/11/2013
Zenufaná,ZF6-2004-17,Archivado,Natural,-No aplica-,Segovia,No registrado,No registrada,Descargas Atmosféricas por chimeneas o ductos (industriales),130ZF-1103-4329,Por la cual se niega un permiso,04/03/2011
Zenufaná,ZF6-2008-3,Archivado,Jurídica,Privada,Caracolí,No registrado,Canalones,Incineración de Residuos Sólidos,130ZF-3158,Por la cual se otorga un permiso de emisiones atmosféricas para fuentes fijas,04/09/2008
Zenufaná,ZF6-2004-7,Archivado,Natural,-No aplica-,Segovia,No registrado,No registrada,Descargas Atmosféricas por chimeneas o ductos (industriales),130ZF-3781,Por la cual se archiva un expediente,27/11/2009
Zenufaná,ZF6-2008-4,Archivado,Natural,-No aplica-,Segovia,No registrado,No registrada,Explotación minera,130ZF-1201-4885,Por la cual se adopta una decisión,18/01/2012
Zenufaná,ZF6-2009-2,Archivado,Jurídica,Privada,Yalí,No registrado,San Pedrito,Quemas abiertas controladas en zonas rurales,130ZF-1105-4454,Por la cual se adopta una decisión,12/05/2011
Aburrá Sur,AS6-2007-2,Archivado,Jurídica,Privada,Envigado,No registrado,No registrada,No aplica,130AS-4388,Por la cual se toma una determinación,09/01/2008
Cartama,CA6-2016-1,Archivado,Jurídica,Privada,Venecia,Bolombolo,No registrada,Descargas Atmosféricas por chimeneas o ductos(servicio),160CA-1609-10399,Por la cual se otorga un permiso,08/09/2016
Aburrá Sur,AS6-2019-13,Archivado,Jurídica,Privada,Itaguí,No registrado,El Ajizal,Descargas Atmosféricas por chimeneas o ductos (industriales),160AS-RES2112-9239,Por la cual se resuelve un recurso de reposición,28/12/2021
Zenufaná,ZF6-2007-5,Activo,Jurídica,Publica,Puerto Nare,La Sierra,No registrada,Operación de plantas termoeléctricas,160ZF-RES2010-6090,Por la cual se resuelve un recurso de reposición,29/10/2020
Aburrá Sur,AS6-2008-2,Archivado,Jurídica,Privada,Amagá,No registrado,Piedecuesta,Operación de calderas,160AS-1612-10503,Por la cual se declara una caducidad,30/12/2016
Aburrá Norte,AN6-2009-1,Activo,Jurídica,Privada,Medellín,Altavista,No registrada,Emisiones de contaminantes por explotación minera,160AN-RES2305-1889,Por la cual se otorga un permiso,11/05/2023
Aburrá Sur,AS6-2023-5,Activo,Jurídica,Privada,Heliconia,No registrado,Joly,Descargas Atmosféricas por chimeneas o ductos (industriales),160AS-RES2404-1619,Por la cual se archiva un expediente,29/04/2024
Zenufaná,ZF6-2010-4,Archivado,Jurídica,Privada,Caracolí,No registrado,No registrada,Quemas abiertas controladas en zonas rurales,130ZF-1309-6154,Por la cual se archiva un expediente,24/09/2013
Aburrá Norte,AN6-2019-12,Activo,Jurídica,Privada,Girardota,No registrado,San Andres,Explotación minera,160AN-RES2006-3066,Por la cual se otorga un plazo adicional,03/06/2020
Aburrá Norte,AN6-2019-12,Activo,Jurídica,Privada,Girardota,No registrado,San Andres,Explotación minera,160AN-RES2503-1097,Por la cual se prorroga un permiso,26/03/2025
Tahamíes,TH6-2010-3,Archivado,Jurídica,Privada,Santa Rosa De Osos,No registrado,No registrada,Descargas Atmosféricas por chimeneas o ductos(servicio),130TH-7952,Por la cual se otorga un permiso de emisiones atmosféricas para fuentes fijas,20/09/2010
Tahamíes,TH6-2015-1,Activo,Jurídica,Privada,Yarumal,Llanos De Cuiva,No registrada,Operación de calderas,160TH-RES2202-653,Por la cual se adopta una decisión,08/02/2022
Aburrá Norte,AN6-2005-4,Archivado,Jurídica,Privada,Medellín,Altavista,Aguas Frias,Descargas Atmosféricas por chimeneas o ductos (industriales),130AN-1101-11056,Por la cual se prorroga un permiso,19/01/2011
Aburrá Norte,AN6-2008-4,Archivado,Jurídica,Privada,Medellín,Altavista,No registrada,Operación de calderas,160AN-RES1703-1414,Por la cual se impone una medida preventiva,21/03/2017
Zenufaná,ZF6-2011-8,Archivado,Jurídica,Privada,Vegachí,No registrado,El Olvido,Quemas abiertas controladas en zonas rurales,160ZF-RES1810-5782,Por la cual se archiva un expediente,23/10/2018
Hevéxicos,HX6-2020-11,Activo,Jurídica,Privada,San Jerónimo,No registrado,No registrada,No aplica,160HX-RES2501-40,Por la cual se otorga el certificado en materia de revisión de gases,08/01/2025
Aburrá Norte,AN6-1996-5,Archivado,Jurídica,Privada,Bello,No registrado,Granizal,Descargas Atmosféricas por chimeneas o ductos (industriales),130AN-2370,Por la cual se otorga un permiso de emisiones atmosféricas para fuentes fijas,23/06/2004
Zenufaná,ZF6-2012-5,Archivado,Jurídica,Privada,Yalí,No registrado,San Pedrito,Quemas abiertas controladas en zonas rurales,130ZF-1305-5945,Por la cual se otorga un permiso,17/05/2013
Panzenú,PZ6-2021-3,Activo,Jurídica,Privada,Caucasia,No registrado,No registrada,Industrial,160PZ-RES2104-2376,Por la cual se niega un permiso,28/04/2021
Tahamíes,TH6-2020-7,Archivado,Natural,-No aplica-,Donmatías,No registrado,Mocorongo,Emisiones de contaminantes por explotación minera,160TH-RES2011-6574,Por la cual se termina anticipadamente un trámite o permiso,23/11/2020
Zenufaná,ZF6-2009-12,Archivado,Jurídica,Privada,Vegachí,No registrado,El Pescado,Quemas abiertas controladas en zonas rurales,130ZF-1201-4900,Por la cual se adopta una decisión,20/01/2012
Tahamíes,TH6-1996-4,Archivado,Jurídica,Privada,Yarumal,Llanos De Cuiva,No registrada,Industrial,160TH-RES1702-700,Por la cual se archiva un expediente,13/02/2017
Tahamíes,TH6-1996-123,Archivado,Jurídica,Privada,Yarumal,Llanos De Cuiva,No registrada,Industrial,130TH-5755,Por la cual se prorroga un permiso de emisiones atmosféricas para fuentes fijas,16/02/2007
Aburrá Norte,AN6-2010-1,Activo,Jurídica,Privada,Bello,No registrado,El Pinar,Explotación minera,160AN-COI1906-13844,Citación notificación,06/06/2019
Tahamíes,TH6-2005-2,Archivado,Natural,-No aplica-,Carolina Del Príncipe,No registrado,No registrada,Quemas abiertas controladas en zonas rurales,130TH-1109-8452,Por la cual se termina anticipadamente un trámite o permiso,01/09/2011
Aburrá Norte,AN6-2008-2,Archivado,Jurídica,Privada,Girardota,No registrado,San Diego,Emisiones de contaminantes por explotación minera,130AN-10827,Por la cual se otorga un permiso de emisiones atmosféricas para fuentes fijas,25/10/2010
Zenufaná,ZF6-2022-3,Activo,Jurídica,Privada,Vegachí,No registrado,No registrada,No aplica,160ZF-RES2210-5987,Por la cual se otorga un permiso,14/10/2022
Zenufaná,ZF6-2010-5,Archivado,Jurídica,Privada,Yolombó,No registrado,No registrada,Quemas abiertas controladas en zonas rurales,160ZF-RES1810-5781,Por la cual se archiva un expediente,23/10/2018
Tahamíes,TH6-2008-1,Archivado,Jurídica,Privada,Yarumal,Llanos De Cuiva,No registrada,Quemas abiertas controladas en zonas rurales,130TH-6612,Por la cual se otorga un permiso de emisiones atmosféricas para fuentes fijas,06/08/2008
Tahamíes,TH6-2010-4,Archivado,Jurídica,Privada,Toledo,No registrado,Taque,Descargas Atmosféricas por chimeneas o ductos (industriales),130TH-7996,Por la cual se otorga un permiso de emisiones atmosféricas para fuentes fijas,06/11/2010
Aburrá Sur,AS6-2015-3,Archivado,Jurídica,Privada,Amagá,No registrado,Piedecuesta,Operación de calderas,160AS-1512-9707,Por la cual se acepta un desistimiento tácito,17/12/2015
Tahamíes,TH6-2013-2,Activo,Jurídica,Privada,Campamento,No registrado,La Solita,Explotación minera,130TH-1308-10287,Por la cual se otorga un permiso,26/08/2013
Aburrá Norte,AN6-2018-9,Activo,Jurídica,Privada,Girardota,No registrado,San Andres,Explotación minera,160AN-RES1910-5343,Por la cual se otorga un permiso,04/10/2019
Tahamíes,TH6-2015-3,Archivado,Jurídica,Privada,Yarumal,No registrado,No registrada,No aplica,160TH-RES1807-4065,Por la cual se adopta una decisión,26/07/2018
Zenufaná,ZF6-2016-2,Archivado,Jurídica,Privada,Segovia,No registrado,Manzanillo,Explotación minera,160ZF-RES1912-7406,Por la cual se archiva un expediente,10/12/2019
Hevéxicos,HX6-2014-2,Archivado,Jurídica,Privada,Santa Fé De Antioquia,No registrado,No registrada,Procesos susceptibles de producir emisiones de sust. tóxicas,160HX-RES1906-3082,Por la cual se prorroga un permiso,14/06/2019
Zenufaná,ZF6-2012-4,Archivado,Jurídica,Privada,Vegachí,No registrado,No registrada,Quemas abiertas controladas en zonas rurales,160ZF-RES1810-5787,Por la cual se archiva un expediente,23/10/2018
Aburrá Norte,AN6-2014-4,Activo,Jurídica,Privada,Medellín,Altavista,No registrada,Descargas Atmosféricas por chimeneas o ductos (industriales),160AN-RES2402-675,Por la cual se otorga un plazo adicional,22/02/2024
Aburrá Sur,AS6-2017-12,Archivado,Jurídica,Privada,Amagá,No registrado,Guali,Explotación minera,160AS-RES1810-5632,Por la cual se archiva un expediente,16/10/2018
Zenufaná,ZF6-2007-5,Activo,Jurídica,Publica,Puerto Nare,La Sierra,No registrada,Operación de plantas termoeléctricas,160ZF-RES2210-5942,Por la cual se aprueba un plan de contingencia,12/10/2022
Zenufaná,ZF6-2011-7,Archivado,Jurídica,Privada,Yolombó,No registrado,El Comino,Quemas abiertas controladas en zonas rurales,160ZF-1605-8079,Por la cual se archiva un expediente,25/05/2016
Panzenú,PZ6-2014-1,Archivado,Natural,-No aplica-,Tarazá,No registrado,No registrada,Emisiones transitorias (construcciones),160PZ-RES1811-6620,Por la cual se archiva un expediente,28/11/2018
Zenufaná,ZF6-2011-5,Archivado,Jurídica,Privada,Vegachí,No registrado,El Churú,Quemas abiertas controladas en zonas rurales,130ZF-1202-5011,Por la cual se otorga un permiso,17/02/2012
Zenufaná,ZF6-2011-8,Archivado,Jurídica,Privada,Vegachí,No registrado,El Olvido,Quemas abiertas controladas en zonas rurales,130ZF-1302-5831,Por la cual se otorga un permiso,27/02/2013
Tahamíes,TH6-2005-4,Archivado,Jurídica,Privada,Anorí,No registrado,El Limón,No aplica,130TH-1205-9033,Por la cual se inadmite una solicitud,08/05/2012
Zenufaná,ZF6-2008-1,Archivado,Natural,-No aplica-,Puerto Berrío,No registrado,No registrada,Operación de calderas,130ZF-1212-5593,Por la cual se archiva un expediente,10/12/2012
Aburrá Sur,AS6-2010-2,Activo,Jurídica,Privada,Sabaneta,No registrado,No registrada,Utilización de Aceites usados,160AS-RES1909-4702,Por la cual se adopta una decisión,06/09/2019
Aburrá Norte,AN6-2006-4,Archivado,Jurídica,Privada,Medellín,San Cristobal,La Loma,Descargas Atmosféricas por chimeneas o ductos (industriales),130AN-1103-11133,"Por la cual se modifica un permiso, concesión o autorización",01/03/2011
Tahamíes,TH6-2022-2,Activo,Jurídica,Privada,Yarumal,No registrado,El Yarumalito,Emisiones de contaminantes por explotación minera,160TH-RES2208-5100,Por la cual se otorga un permiso,30/08/2022
Aburrá Norte,AN6-2012-6,Activo,Jurídica,Privada,Medellín,No registrado,Belen Aguas Frias,Operación de calderas,160AN-RES1708-4518,"Por la cual se modifica un permiso, concesión o autorización",25/08/2017
Aburrá Norte,AN6-2006-2,Archivado,Natural,-No aplica-,Copacabana,No registrado,Ancón 2,Industrial,130AN-7500,Por la cual se otorga un permiso de emisiones atmosféricas para fuentes fijas,19/09/2007
Panzenú,PZ6-2013-3,Activo,Jurídica,Privada,Caucasia,No registrado,No registrada,Producción de lubricantes y combustibles,160PZ-RES1806-3427,Por la cual se adopta una decisión,21/06/2018
Aburrá Norte,AN6-2004-3,Archivado,Jurídica,Privada,Medellín,Altavista,Corazon,Explotación minera,130AN-7678,Por la cual se otorga un permiso de emisiones atmosféricas para fuentes fijas,07/12/2007
Tahamíes,TH6-2021-5,Activo,Jurídica,Privada,San Pedro De Los Milagros,No registrado,No registrada,No aplica,160TH-RES2112-9384,Por la cual se otorga un plazo adicional,30/12/2021
Zenufaná,ZF6-2009-9,Archivado,Jurídica,Privada,Yolombó,No registrado,La Bengala,Emisiones transitorias (construcciones),130ZF-1202-5002,Por la cual se niega una prorroga,09/02/2012
Aburrá Norte,AN6-2003-2,Activo,Jurídica,Privada,Medellín,San Cristobal,La Loma,Explotación minera,160AN-RES2208-4803,Por la cual se prorroga un permiso,18/08/2022
Panzenú,PZ6-2015-1,Archivado,Jurídica,Privada,Caucasia,Las Malvinas,No registrada,Industrial,160PZ-1510-3418,Por la cual se otorga un permiso,23/10/2015
Aburrá Sur,AS6-2023-2,Archivado,Jurídica,Privada,Caldas,No registrado,No registrada,Descargas Atmosféricas por chimeneas o ductos(Comerciales),160AS-RES2306-2597,Por la cual se termina anticipadamente un trámite o permiso,07/06/2023
Tahamíes,TH6-2009-2,Archivado,Jurídica,Privada,Santa Rosa De Osos,No registrado,No registrada,Descargas Atmosféricas por chimeneas o ductos (industriales),160TH-1512-12373,Por la cual se prorroga un permiso,23/12/2015
Aburrá Sur,AS6-2008-1,Archivado,Jurídica,Privada,La Estrella,La Tablaza,No registrada,Emisiones de contaminantes por explotación minera,130AS-1205-6747,Por la cual se suspende un trámite o permiso,07/05/2012
Zenufaná,ZF6-2014-1,Activo,Natural,-No aplica-,Remedios,No registrado,No registrada,Utilización de Aceites usados,130ZF-1410-6770,Por la cual se otorga el certificado en materia de revisión de gases,20/10/2014
Aburrá Norte,AN6-2004-1,Archivado,Jurídica,Privada,Girardota,No registrado,La Matica,Descargas Atmosféricas por chimeneas o ductos (industriales),130AN-2220,Por la cual se otorga un permiso de emisiones atmosféricas para fuentes fijas,23/04/2004
Cartama,CA6-2017-8,Archivado,Jurídica,Privada,Támesis,No registrado,No registrada,Operación de calderas,160CA-RES1808-4518,Por la cual se adopta una decisión,16/08/2018
Zenufaná,ZF6-2005-3,Archivado,Natural,-No aplica-,Segovia,No registrado,No registrada,Emisiones de contaminantes por explotación minera,130ZF-1105-4477,Por la cual se adopta una decisión,16/05/2011
Zenufaná,ZF6-2010-10,Archivado,Jurídica,Privada,Yolombó,No registrado,El Comino,Quemas abiertas controladas en zonas rurales,130ZF-1304-5884,Por la cual se archiva un expediente,04/04/2013
Cartama,CA6-2015-2,Archivado,Jurídica,Privada,Venecia,No registrado,Sinifaná,Industrial,160CA-RES2008-4792,Por la cual se resuelve una solicitud de revocatoria,25/08/2020
Aburrá Norte,AN6-2014-1,Activo,Jurídica,Privada,Medellín,Altavista,No registrada,Descargas Atmosféricas por chimeneas o ductos (industriales),160AN-RES2206-3430,Por la cual se prorroga un permiso,14/06/2022
Cartama,CA6-2015-2,Archivado,Jurídica,Privada,Venecia,No registrado,Sinifaná,Industrial,160CA-RES2212-8450,Por la cual se archiva un expediente,30/12/2022
Cartama,CA6-2015-2,Archivado,Jurídica,Privada,Venecia,No registrado,Sinifaná,Industrial,160CA-RES1902-700,Por la cual se otorga un permiso,14/02/2019
Cartama,CA6-2017-8,Archivado,Jurídica,Privada,Támesis,No registrado,No registrada,Operación de calderas,160CA-RES1708-4291,Por la cual se adopta una decisión,17/08/2017
Panzenú,PZ6-2016-1,Activo,Jurídica,Privada,Zaragoza,No registrado,Chilona,Emisiones transitorias (construcciones),160PZ-RES1705-2334,Por la cual se otorga un permiso,12/05/2017
Aburrá Norte,AN6-2012-4,Activo,Jurídica,Privada,Medellín,San Cristobal,No registrada,Industrial,160AN-RES2306-2969,Por la cual se traspasa un permiso,27/06/2023
Aburrá Sur,AS6-2019-8,Archivado,Jurídica,Privada,Amagá,No registrado,La Gualí,Descargas Atmosféricas por chimeneas o ductos (industriales),160AS-RES1910-5845,Por la cual se acepta un desistimiento,24/10/2019
Zenufaná,ZF6-2012-6,Archivado,Jurídica,Privada,Yolombó,No registrado,No registrada,Quemas abiertas controladas en zonas rurales,130ZF-1312-6303,Por la cual se archiva un expediente,06/12/2013
Cartama,CA6-2020-6,Activo,Jurídica,Privada,La Pintada,No registrado,No registrada,Operación de calderas,160CA-RES2412-5875,Por la cual se archiva un expediente,26/12/2024
Aburrá Norte,AN6-2016-3,Archivado,Jurídica,Privada,Copacabana,No registrado,No registrada,Descargas Atmosféricas por chimeneas o ductos (industriales),160AN-RES1901-301,Por la cual se otorga un permiso,25/01/2019
Hevéxicos,HX6-2014-2,Archivado,Jurídica,Privada,Santa Fé De Antioquia,No registrado,No registrada,Procesos susceptibles de producir emisiones de sust. tóxicas,130HX-1410-7461,"Por la cual se modifica un permiso, concesión o autorización",24/10/2014
Aburrá Norte,AN6-2012-4,Activo,Jurídica,Privada,Medellín,San Cristobal,No registrada,Industrial,160AN-RES1802-473,Por la cual se prorroga un permiso,05/02/2018
Zenufaná,ZF6-2010-1,Archivado,Jurídica,Privada,Vegachí,No registrado,No registrada,Quemas abiertas controladas en zonas rurales,130ZF-1308-6065,Por la cual se archiva un expediente,09/08/2013
Tahamíes,TH6-2021-5,Activo,Jurídica,Privada,San Pedro De Los Milagros,No registrado,No registrada,No aplica,160TH-RES2202-737,Por la cual se otorga el certificado en materia de revisión de gases,11/02/2022
Aburrá Norte,AN6-2012-4,Activo,Jurídica,Privada,Medellín,San Cristobal,No registrada,Industrial,160AN-RES1712-6894,Por la cual se resuelve un recurso de reposición,06/12/2017
Aburrá Sur,AS6-2010-2,Activo,Jurídica,Privada,Sabaneta,No registrado,No registrada,Utilización de Aceites usados,160AS-RES2012-6882,Por la cual se adopta una decisión,04/12/2020
Aburrá Norte,AN6-2012-1,Archivado,Jurídica,Privada,Bello,No registrado,No registrada,Industrial,160AN-RES1701-189,Por la cual se aprueba un plan de contingencia,12/01/2017
Panzenú,PZ6-2013-3,Activo,Jurídica,Privada,Caucasia,No registrado,No registrada,Producción de lubricantes y combustibles,130PZ-1402-2698,Por la cual se otorga una autorización y se toman otras determinaciones,20/02/2014
Aburrá Norte,AN6-2005-2,Activo,Jurídica,Privada,Medellín,No registrado,San Diego,Industrial,160AN-RES2411-5230,Por la cual se acepta un desistimiento,26/11/2024
Aburrá Norte,AN6-2015-2,Activo,Jurídica,Privada,Medellín,San Cristobal,Calle 63 Con Cruce A La Iguana,Descargas Atmosféricas por chimeneas o ductos (industriales),160AN-RES2306-2636,Por la cual se niega un permiso,08/06/2023
Zenufaná,ZF6-2004-23,Archivado,Natural,-No aplica-,Segovia,No registrado,No registrada,Descargas Atmosféricas por chimeneas o ductos (industriales),130ZF-1104-4414,Por la cual se adopta una decisión,25/04/2011
Aburrá Norte,AN6-2006-4,Archivado,Jurídica,Privada,Medellín,San Cristobal,La Loma,Descargas Atmosféricas por chimeneas o ductos (industriales),160AN-RES1708-4517,Por la cual se archiva un expediente,25/08/2017
Aburrá Sur,AS6-2020-2,Archivado,Jurídica,Privada,Itaguí,No registrado,El Ajizal,Industrial,160AS-RES2006-3646,Por la cual se otorga un permiso,30/06/2020
Aburrá Norte,AN6-2009-2,Archivado,Jurídica,Privada,Copacabana,No registrado,El Cabuyal,Explotación minera,160AN-RES2208-4747,Por la cual se declara el desistimiento tácito,17/08/2022
Aburrá Norte,AN6-2006-1,Archivado,Jurídica,Privada,Girardota,No registrado,La Palma,Descargas Atmosféricas por chimeneas o ductos (industriales),130AN-1301-13792,Por la cual se archiva un expediente,28/01/2013
Tahamíes,TH6-2015-2,Archivado,Jurídica,Privada,Santa Rosa De Osos,No registrado,No registrada,No aplica,160TH-RES1810-5422,Por la cual se adopta una decisión,01/10/2018
Zenufaná,ZF6-2014-1,Activo,Natural,-No aplica-,Remedios,No registrado,No registrada,Utilización de Aceites usados,160ZF-RES2407-3223,Por la cual se adopta una decisión,31/07/2024
Tahamíes,TH6-2017-18,Archivado,Jurídica,Privada,Anorí,No registrado,El Retiro,Operación de calderas,160TH-RES1709-5153,Por la cual se inadmite una solicitud,26/09/2017
Zenufaná,ZF6-2005-11,Archivado,Natural,-No aplica-,Segovia,No registrado,No registrada,Emisiones de contaminantes por explotación minera,130ZF-1105-4449,Por la cual se adopta una decisión,12/05/2011
Tahamíes,TH6-1996-4,Archivado,Jurídica,Privada,Yarumal,Llanos De Cuiva,No registrada,Industrial,130TH-7607,Por la cual se adopta una decisión,08/04/2010
Aburrá Norte,AN6-2008-2,Archivado,Jurídica,Privada,Girardota,No registrado,San Diego,Emisiones de contaminantes por explotación minera,130AN-1310-14554,Por la cual se prorroga un permiso,11/10/2013
Aburrá Norte,AN6-2008-2,Archivado,Jurídica,Privada,Girardota,No registrado,San Diego,Emisiones de contaminantes por explotación minera,160AN-RES2112-9278,Por la cual se archiva un expediente,28/12/2021
Hevéxicos,HX6-2020-5,Archivado,Natural,-No aplica-,Caicedo,No registrado,No registrada,Operación de calderas,160HX-RES2007-4219,Por la cual se niega un permiso,27/07/2020
Aburrá Norte,AN6-2003-2,Activo,Jurídica,Privada,Medellín,San Cristobal,La Loma,Explotación minera,130AN-2525,Por la cual se otorga un permiso de emisiones atmosféricas para fuentes fijas,21/09/2004
Zenufaná,ZF6-2004-8,Archivado,Natural,-No aplica-,Segovia,No registrado,No registrada,Emisiones de contaminantes por explotación minera,130ZF-1105-4445,Por la cual se adopta una decisión,12/05/2011
Panzenú,PZ6-2017-16,Activo,Jurídica,Privada,El Bagre,No registrado,No registrada,Explotación minera,160PZ-RES1712-7170,Por la cual se otorga un permiso,20/12/2017
Zenufaná,ZF6-2020-9,Activo,Jurídica,Privada,Remedios,No registrado,Belén,No aplica,160ZF-RES2105-2956,Por la cual se adopta una decisión,26/05/2021
Zenufaná,ZF6-2009-4,Archivado,Jurídica,Privada,Vegachí,No registrado,La Cristalina,Industrial,130ZF-1105-4458,Por la cual se resuelve un recurso de reposición,13/05/2011
Aburrá Norte,AN6-2008-4,Archivado,Jurídica,Privada,Medellín,Altavista,No registrada,No aplica,160AN-RES1703-1414,Por la cual se impone una medida preventiva,21/03/2017
Zenufaná,ZF6-2009-10,Activo,Jurídica,Privada,Puerto Nare,La Sierra,Caño Seco,Explotación minera,130ZF-1303-5860,Por la cual se niega un permiso,08/03/2013
Zenufaná,ZF6-2007-5,Activo,Jurídica,Publica,Puerto Nare,La Sierra,No registrada,Operación de plantas termoeléctricas,130ZF-3254,Por la cual se otorga un permiso de emisiones atmosféricas para fuentes fijas,24/11/2008
Aburrá Sur,AS6-2007-1,Archivado,Jurídica,Privada,Caldas,No registrado,La Aguacatala,Descargas Atmosféricas por chimeneas o ductos (industriales),130AS-1307-7710,Por la cual se adopta una decisión,25/07/2013
Aburrá Norte,AN6-2025-1,Activo,Jurídica,Privada,Medellín,Altavista,Altavista,Industrial,160AN-RES2503-927,Por la cual se otorga un permiso,12/03/2025
Zenufaná,ZF6-2009-3,Archivado,Jurídica,Privada,Yolombó,No registrado,No registrada,Quemas abiertas controladas en zonas rurales,130ZF-1105-4483,Por la cual se adopta una decisión,16/05/2011
Hevéxicos,HX6-2020-11,Activo,Jurídica,Privada,San Jerónimo,No registrado,No registrada,No aplica,160HX-RES2412-5557,"Por la cual se modifica un permiso, concesión o autorización",12/12/2024
Tahamíes,TH6-2019-15,Activo,Jurídica,Privada,Yarumal,No registrado,No registrada,Procesos o actividades susceptibles de producir misiones de,160TH-RES2108-5469,Por la cual se adopta una decisión,30/08/2021
Aburrá Norte,AN6-2003-2,Activo,Jurídica,Privada,Medellín,San Cristobal,La Loma,Explotación minera,160AN-RES2309-4427,"Por la cual se modifica un permiso, concesión o autorización",07/09/2023
Aburrá Sur,AS6-2004-2,Archivado,Jurídica,Privada,Itaguí,No registrado,Los Gómez,Descargas Atmosféricas por chimeneas o ductos (industriales),130AS-1304-7539,Por la cual se archiva un expediente,26/04/2013
Tahamíes,TH6-2015-4,Activo,Jurídica,Privada,San Pedro De Los Milagros,No registrado,No registrada,No aplica,160TH-1507-11774,Por la cual se adopta una decisión,14/07/2015
Aburrá Norte,AN6-2005-2,Activo,Jurídica,Privada,Medellín,No registrado,San Diego,Industrial,130AN-5388,Por la cual se aclara una decisión,20/11/2006
Tahamíes,TH6-2017-17,Archivado,Jurídica,Privada,Anorí,No registrado,La Soledad,Explotación minera,160TH-RES2007-3874,Por la cual se prorroga un permiso,09/07/2020
Zenufaná,ZF6-2012-7,Archivado,Jurídica,Privada,Yolombó,No registrado,Cachumbal,Quemas abiertas controladas en zonas rurales,160ZF-RES1810-5783,Por la cual se archiva un expediente,23/10/2018
Aburrá Norte,AN6-2012-1,Archivado,Jurídica,Privada,Bello,No registrado,No registrada,Industrial,160AN-RES1811-6696,Por la cual se levanta una medida preventiva,30/11/2018
Hevéxicos,HX6-2006-4,Archivado,Jurídica,Privada,Ebéjico,Brasil,El Brasil,Almacenamiento de petróleo y sus derivados.,130HX-3534,Por la cual se otorga un permiso de emisiones atmosféricas para fuentes fijas,08/02/2008
Citará,CI6-2009-1,Archivado,Jurídica,Privada,Jardín,No registrado,No registrada,Descargas Atmosféricas por chimeneas o ductos (industriales),130CI-6120,Por la cual se adopta una decisión,03/02/2010
Aburrá Sur,AS6-2010-2,Activo,Jurídica,Privada,Sabaneta,No registrado,No registrada,Utilización de Aceites usados,160AS-RES2404-1276,Por la cual se adopta una decisión,09/04/2024
Zenufaná,ZF6-2009-4,Archivado,Jurídica,Privada,Vegachí,No registrado,La Cristalina,Industrial,130ZF-3566,Por la cual se otorga un permiso de emisiones atmosféricas para fuentes fijas,26/06/2009
Hevéxicos,HX6-2013-1,Archivado,Jurídica,Privada,Buriticá,No registrado,Los Asientos,Emisiones de contaminantes por explotación minera,130HX-1412-7540,Por la cual se acepta un desistimiento tácito,18/12/2014
Zenufaná,ZF6-2019-4,Archivado,Jurídica,Privada,Segovia,No registrado,Pocuné,Industrial,160ZF-RES2004-1647,Por la cual se niega un permiso,01/04/2020
Aburrá Norte,AN6-2016-4,Activo,Jurídica,Privada,Medellín,Altavista,No registrada,Explotación minera,160AN-RES2212-7434,Por la cual se otorga un permiso,13/12/2022
Zenufaná,ZF6-2013-1,Activo,Jurídica,Privada,Puerto Nare,La Sierra,No registrada,Industrial,160ZF-RES2212-8472,Por la cual se prorroga un permiso,30/12/2022
Aburrá Norte,AN6-2012-6,Activo,Jurídica,Privada,Medellín,No registrado,Belen Aguas Frias,Operación de calderas,130AN-1304-14092,Por la cual se otorga un permiso,30/04/2013
Aburrá Norte,AN6-1997-160,Archivado,Jurídica,Privada,Medellín,Altavista,No registrada,Descargas Atmosféricas por chimeneas o ductos (industriales),160AN-1509-17232,Por la cual se archiva un expediente,07/09/2015
Tahamíes,TH6-2019-14,Activo,Jurídica,Privada,Santa Rosa De Osos,No registrado,No registrada,Procesos o actividades susceptibles de producir misiones de,160TH-RES2108-5526,Por la cual se adopta una decisión,31/08/2021
Hevéxicos,HX6-2014-1,Archivado,Natural,-No aplica-,Santa Fé De Antioquia,No registrado,No registrada,Explotación minera,130HX-1412-7569,Por la cual se niega un permiso,26/12/2014
Zenufaná,ZF6-2015-2,Archivado,Jurídica,Privada,Vegachí,No registrado,El Cascajo,Quemas abiertas controladas en zonas rurales,160ZF-RES1807-3854,Por la cual se acepta un desistimiento,13/07/2018
Tahamíes,TH6-2015-2,Archivado,Jurídica,Privada,Santa Rosa De Osos,No registrado,No registrada,No aplica,160TH-RES1804-2019,Por la cual se adopta una decisión,18/04/2018
Aburrá Norte,AN6-2014-2,Activo,Jurídica,Privada,Copacabana,No registrado,Ancon Norte,Industrial,160AN-RES2006-3162,Por la cual se prorroga un permiso,09/06/2020
Zenufaná,ZF6-2011-5,Archivado,Jurídica,Privada,Vegachí,No registrado,El Churú,Quemas abiertas controladas en zonas rurales,130ZF-1411-6870,Por la cual se archiva un expediente,27/11/2014
Aburrá Sur,ZF6-2006-1,Archivado,Jurídica,Privada,Puerto Nare,La Sierra,No registrada,Descargas Atmosféricas por chimeneas o ductos (industriales),130AS-5630,Por la cual se niega un permiso de emisiones atmosféricas para fuentes fijas,09/09/2010
Aburrá Norte,AN6-2005-1,Activo,Jurídica,Privada,Girardota,No registrado,San Esteban,Descargas Atmosféricas por chimeneas o ductos (industriales),130AN-10757,Por la cual se otorga un permiso de emisiones atmosféricas para fuentes fijas,21/09/2010
Aburrá Sur,AS6-2010-2,Activo,Jurídica,Privada,Sabaneta,No registrado,No registrada,Utilización de Aceites usados,160AS-RES1803-1126,Por la cual se adopta una decisión,08/03/2018
Zenufaná,ZF6-2014-1,Activo,Natural,-No aplica-,Remedios,No registrado,No registrada,Utilización de Aceites usados,160ZF-RES2306-2557,Por la cual se adopta una decisión,06/06/2023
Zenufaná,ZF6-2004-29,Archivado,Natural,-No aplica-,Segovia,No registrado,No registrada,Descargas Atmosféricas por chimeneas o ductos (industriales),130ZF-1105-4475,Por la cual se adopta una decisión,16/05/2011
Hevéxicos,HX6-2015-1,Archivado,Jurídica,Privada,Sopetrán,No registrado,No registrada,Industrial,160HX-RES1709-5303,Por la cual se termina anticipadamente un trámite o permiso,29/09/2017
Tahamíes,TH6-2019-14,Activo,Jurídica,Privada,Santa Rosa De Osos,No registrado,No registrada,Procesos o actividades susceptibles de producir misiones de,160TH-RES2401-130,Por la cual se adopta una decisión,17/01/2024
Zenufaná,ZF6-2009-11,Activo,Jurídica,Privada,Puerto Nare,No registrado,Canteras,Explotación minera,130ZF-1303-5858,Por la cual se otorga un permiso,08/03/2013
Panzenú,PZ6-2013-4,Archivado,Jurídica,Privada,Caucasia,No registrado,No registrada,No aplica,130PZ-1574,General,02/12/2008
Zenufaná,ZF6-2012-1,Archivado,Jurídica,Privada,Amalfi,No registrado,No registrada,Quemas abiertas controladas en zonas rurales,130ZF-1307-6001,Por la cual se niega una prorroga,09/07/2013
Zenufaná,ZF6-2009-10,Activo,Jurídica,Privada,Puerto Nare,La Sierra,Caño Seco,Explotación minera,160ZF-RES2212-8451,Por la cual se prorroga un permiso,30/12/2022
Aburrá Norte,AN6-2014-3,Activo,Jurídica,Privada,Medellín,Altavista,Aguas Frias,No aplica,160AN-RES1705-2237,"Por la cual se modifica un permiso, concesión o autorización",08/05/2017
Zenufaná,ZF6-2004-1,Archivado,Jurídica,-No aplica-,Puerto Nare,La Sierra,No registrada,Descargas Atmosféricas por chimeneas o ductos (industriales),130ZF-1105-4506,Por la cual se adopta una decisión,23/05/2011
Panzenú,PZ6-2016-1,Activo,Jurídica,Privada,Zaragoza,No registrado,Chilona,Emisiones transitorias (construcciones),160PZ-RES2207-4302,Por la cual se prorroga un permiso,28/07/2022
Aburrá Sur,AS6-2007-1,Archivado,Jurídica,Privada,Caldas,No registrado,La Aguacatala,Descargas Atmosféricas por chimeneas o ductos (industriales),130AS-3965,Por la cual se otorga un permiso de emisiones atmosféricas para fuentes fijas,30/03/2007
Aburrá Norte,AN6-2014-4,Activo,Jurídica,Privada,Medellín,Altavista,No registrada,Descargas Atmosféricas por chimeneas o ductos (industriales),160AN-RES2201-265,Por la cual se otorga un plazo adicional,20/01/2022
Zenufaná,ZF6-2011-2,Archivado,Jurídica,Privada,Yolombó,No registrado,No registrada,Quemas abiertas controladas en zonas rurales,160ZF-1504-7112,Por la cual se archiva un expediente,23/04/2015
Tahamíes,TH6-2013-1,Archivado,Natural,-No aplica-,Yarumal,No registrado,Mina Vieja,"Incineración de Residuos sólidos, líquidos, gaseosos.",160TH-1505-11649,Por la cual se niega un permiso,06/05/2015
Aburrá Sur,AS6-2017-13,Archivado,Jurídica,Privada,Itaguí,No registrado,No registrada,Industrial,160AS-RES1802-696,Por la cual se otorga un plazo adicional,15/02/2018
Aburrá Norte,AN6-2007-1,Archivado,Jurídica,Privada,Medellín,San Cristobal,Las Playas,Descargas Atmosféricas por chimeneas o ductos (industriales),160AN-RES1703-1415,Por la cual se archiva un expediente,21/03/2017
Aburrá Sur,AS6-2016-2,Activo,Jurídica,Privada,Amagá,No registrado,No registrada,Descargas Atmosféricas por chimeneas o ductos (industriales),160AS-RES2103-1670,Por la cual se otorga un plazo adicional,24/03/2021
Zenufaná,ZF6-2005-5,Archivado,Natural,-No aplica-,Segovia,No registrado,No registrada,Emisiones de contaminantes por explotación minera,160ZF-1612-8393,Por la cual se archiva un expediente,14/12/2016
Panzenú,PZ6-2017-11,Archivado,Jurídica,Privada,Caucasia,No registrado,El Tigre N 1,Emisiones de contaminantes por explotación minera,160PZ-RES1706-3286,Por la cual se otorga un permiso,29/06/2017
Hevéxicos,HX6-2014-2,Archivado,Jurídica,Privada,Santa Fé De Antioquia,No registrado,No registrada,Procesos susceptibles de producir emisiones de sust. tóxicas,160HX-RES2010-5760,Por la cual se adopta una decisión,09/10/2020
Zenufaná,ZF6-2004-5,Archivado,Natural,-No aplica-,Segovia,No registrado,No registrada,Emisiones de contaminantes por explotación minera,130ZF-1104-4427,Por la cual se adopta una decisión,29/04/2011
Aburrá Sur,AS6-2009-1,Archivado,Jurídica,Privada,La Estrella,No registrado,No registrada,Operación de calderas,160AS-1504-9155,Por la cual se otorga un plazo adicional,28/04/2015
Tahamíes,TH6-1996-4,Archivado,Jurídica,Privada,Yarumal,Llanos De Cuiva,No registrada,Industrial,130TH-4070,Por la cual se otorga un permiso de emisiones atmosféricas para fuentes fijas,05/05/2005
Zenufaná,ZF6-2010-5,Archivado,Jurídica,Privada,Yolombó,No registrado,No registrada,Quemas abiertas controladas en zonas rurales,130ZF-1212-5591,Por la cual se otorga un permiso,10/12/2012
Aburrá Norte,AN6-2005-4,Archivado,Jurídica,Privada,Medellín,Altavista,Aguas Frias,Descargas Atmosféricas por chimeneas o ductos (industriales),No registra,Por la cual se resuelve un recurso de reposición,26/01/2012
Aburrá Sur,AS6-2013-3,Archivado,Jurídica,Privada,Itaguí,No registrado,Los Gómez,Operación de calderas,160AS-RES2011-6282,Por la cual se revoca un acto administrativo,09/11/2020
Aburrá Norte,AN6-2014-1,Activo,Jurídica,Privada,Medellín,Altavista,No registrada,Descargas Atmosféricas por chimeneas o ductos (industriales),160AN-1509-17242,Por la cual se otorga un permiso,09/09/2015
Zenufaná,ZF6-2004-12,Archivado,Natural,-No aplica-,Segovia,No registrado,No registrada,Descargas Atmosféricas por chimeneas o ductos(Comerciales),130ZF-1105-4482,Por la cual se adopta una decisión,16/05/2011
Aburrá Norte,AN6-2006-1,Archivado,Jurídica,Privada,Girardota,No registrado,La Palma,Descargas Atmosféricas por chimeneas o ductos (industriales),130AN-4194,Por la cual se adopta una decisión,06/01/2006
Aburrá Norte,AN6-2004-1,Archivado,Jurídica,Privada,Girardota,No registrado,La Matica,Descargas Atmosféricas por chimeneas o ductos (industriales),130AN-4725,Por la cual se toma una determinación,05/07/2006
Aburrá Norte,AN6-1996-97,Archivado,Jurídica,Privada,Copacabana,No registrado,Machado,No aplica,130AN-1104-11274,Por la cual se adopta una decisión,11/04/2011
Zenufaná,ZF6-2012-7,Archivado,Jurídica,Privada,Yolombó,No registrado,Cachumbal,Quemas abiertas controladas en zonas rurales,130ZF-1309-6136,Por la cual se otorga un permiso,13/09/2013
Aburrá Norte,AN6-1996-5,Archivado,Jurídica,Privada,Bello,No registrado,Granizal,Descargas Atmosféricas por chimeneas o ductos (industriales),160AN-RES1705-2253,Por la cual se archiva un expediente,09/05/2017
Zenufaná,ZF6-2016-1,Archivado,Jurídica,Privada,Puerto Berrío,No registrado,No registrada,Industrial,160ZF-RES1701-166,Por la cual se otorga un permiso,11/01/2017
Panzenú,PZ6-2017-7,Activo,Jurídica,Privada,Zaragoza,No registrado,Chilona,Operación de calderas,160PZ-RES1706-2791,Por la cual se otorga un permiso,02/06/2017
Aburrá Norte,AN6-2014-3,Activo,Jurídica,Privada,Medellín,Altavista,Aguas Frias,No aplica,160AN-RES2010-5956,Por la cual se prorroga un permiso,23/10/2020
Tahamíes,TH6-2011-1,Archivado,Jurídica,Privada,Santa Rosa De Osos,No registrado,No registrada,Descargas Atmosféricas por chimeneas o ductos(servicio),130TH-1209-9394,Por la cual se termina anticipadamente un trámite o permiso,11/09/2012
Zenufaná,ZF6-2011-2,Archivado,Jurídica,Privada,Yolombó,No registrado,No registrada,Quemas abiertas controladas en zonas rurales,130ZF-1202-5013,Por la cual se otorga un permiso,17/02/2012
Zenufaná,ZF6-2011-7,Archivado,Jurídica,Privada,Yolombó,No registrado,El Comino,Quemas abiertas controladas en zonas rurales,No registra,Por la cual se otorga un permiso,13/04/2012
Zenufaná,ZF6-2003-1,Archivado,Natural,-No aplica-,Remedios,No registrado,No registrada,No aplica,130ZF-1018,Por la cual se otorga un permiso de emisiones atmosféricas para fuentes fijas,01/04/2004
Cartama,CA6-2015-2,Archivado,Jurídica,Privada,Venecia,No registrado,Sinifaná,Industrial,160CA-RES2110-6531,Por la cual se traspasa un permiso,11/10/2021
Zenufaná,ZF6-2007-5,Activo,Jurídica,Publica,Puerto Nare,La Sierra,No registrada,Operación de plantas termoeléctricas,130ZF-1411-6799,Por la cual se adopta una decisión,05/11/2014
Tahamíes,TH6-2009-2,Archivado,Jurídica,Privada,Santa Rosa De Osos,No registrado,No registrada,Descargas Atmosféricas por chimeneas o ductos (industriales),160TH-RES1903-1651,Por la cual se termina anticipadamente un trámite o permiso,29/03/2019
Zenufaná,ZF6-2009-10,Activo,Jurídica,Privada,Puerto Nare,La Sierra,Caño Seco,Explotación minera,130ZF-1403-6421,Por la cual se resuelve un recurso de reposición,13/03/2014
Zenufaná,ZF6-2010-6,Archivado,Jurídica,Privada,Caracolí,No registrado,Canalones,Quemas abiertas controladas en zonas rurales,130ZF-1312-6308,Por la cual se archiva un expediente,12/12/2013
Aburrá Sur,AS6-2018-14,Archivado,Jurídica,Privada,La Estrella,La Tablaza,No registrada,Descargas Atmosféricas por chimeneas o ductos (industriales),160AS-RES2004-1720,Por la cual se revoca un acto administrativo,03/04/2020
Zenufaná,ZF6-2009-7,Archivado,Natural,-No aplica-,Segovia,No registrado,No registrada,Explotación minera,130ZF-1201-4886,Por la cual se adopta una decisión,18/01/2012
Tahamíes,TH6-2015-2,Archivado,Jurídica,Privada,Santa Rosa De Osos,No registrado,No registrada,No aplica,160TH-1509-11883,Por la cual se otorga un permiso,01/09/2015
Cartama,CA6-2015-1,Activo,Natural,-No aplica-,Fredonia,Palomos,No registrada,Industrial,160CA-RES2412-5873,Por la cual se prorroga un permiso,26/12/2024
Aburrá Norte,AN6-1996-108,Archivado,Jurídica,Privada,Copacabana,No registrado,Ancón 2,Industrial,130AN-1405-15060,Por la cual se niega una prorroga,13/05/2014
Panzenú,PZ6-2019-11,Activo,Jurídica,Privada,Tarazá,No registrado,No registrada,Industrial,160PZ-RES2003-1481,Por la cual se otorga un permiso,27/03/2020
Zenufaná,ZF6-2012-1,Archivado,Jurídica,Privada,Amalfi,No registrado,No registrada,Quemas abiertas controladas en zonas rurales,130ZF-1207-5332,Por la cual se otorga un permiso,27/07/2012
Aburrá Sur,AS6-2010-1,Archivado,Jurídica,Privada,Caldas,No registrado,Sinifaná,Explotación minera,130AS-1203-6673,Por la cual se adopta una decisión,16/03/2012
Zenufaná,ZF6-2014-1,Activo,Natural,-No aplica-,Remedios,No registrado,No registrada,Utilización de Aceites usados,160ZF-RES2306-2589,Por la cual se adopta una decisión,07/06/2023
Panzenú,PZ6-2017-14,Archivado,Jurídica,Privada,Caucasia,No registrado,No registrada,Descargas Atmosféricas por chimeneas o ductos(Comerciales),160PZ-RES1709-5061,Por la cual se otorga un permiso,21/09/2017
Aburrá Sur,AS6-2020-1,Activo,Jurídica,Privada,Amagá,No registrado,La Gualí,No aplica,160AS-RES2310-5200,"Por la cual se modifica un permiso, concesión o autorización",17/10/2023
Zenufaná,ZF6-2017-1,Archivado,Jurídica,Privada,Amalfi,No registrado,No registrada,Quemas abiertas controladas en zonas rurales,160ZF-RES1703-1585,Por la cual se inadmite una solicitud,30/03/2017
Aburrá Sur,AS6-2013-1,Archivado,Jurídica,Privada,Amagá,Camilo C,No registrada,Almacenamiento de petróleo y sus derivados.,130AS-1303-7439,Por la cual se inadmite una solicitud,08/03/2013
Tahamíes,TH6-2019-15,Activo,Jurídica,Privada,Yarumal,No registrado,No registrada,Procesos o actividades susceptibles de producir misiones de,160TH-RES2311-5699,Por la cual se adopta una decisión,08/11/2023
Zenufaná,ZF6-2011-1,Archivado,Jurídica,Privada,Yolombó,San Cristobal,El Yolombo,Quemas abiertas controladas en zonas rurales,160ZF-1605-8080,Por la cual se archiva un expediente,25/05/2016
Zenufaná,ZF6-2007-1,Archivado,Jurídica,Privada,Segovia,No registrado,No registrada,Descargas Atmosféricas por chimeneas o ductos (industriales),130ZF-1105-4521,Por la cual se cambia de solicitante,26/05/2011
Panzenú,PZ6-2014-1,Archivado,Natural,-No aplica-,Tarazá,No registrado,No registrada,Emisiones transitorias (construcciones),130PZ-1407-2826,Por la cual se otorga un permiso,03/07/2014
Zenufaná,ZF6-2010-1,Archivado,Jurídica,Privada,Vegachí,No registrado,No registrada,Quemas abiertas controladas en zonas rurales,130ZF-1104-4412,Por la cual se otorga un permiso,25/04/2011
Hevéxicos,HX6-2020-11,Activo,Jurídica,Privada,San Jerónimo,No registrado,No registrada,No aplica,160HX-RES2102-961,Por la cual se otorga un permiso,19/02/2021
Aburrá Norte,AN6-2019-3,Archivado,Jurídica,Privada,Girardota,No registrado,San Diego,Industrial,160AN-RES2102-1112,Por la cual se acepta un desistimiento,26/02/2021
Zenufaná,ZF6-2015-3,Activo,Jurídica,Privada,Remedios,No registrado,El Chiquillo,Industrial,160ZF-RES2202-1005,Por la cual se prorroga un permiso,24/02/2022
Aburrá Norte,AN6-2012-4,Activo,Jurídica,Privada,Medellín,San Cristobal,No registrada,Industrial,160AN-RES2211-6982,Por la cual se prorroga un permiso,24/11/2022
Aburrá Sur,AS6-2018-14,Archivado,Jurídica,Privada,La Estrella,La Tablaza,No registrada,Descargas Atmosféricas por chimeneas o ductos (industriales),160AS-RES1911-6655,Por la cual se otorga un permiso,19/11/2019
Aburrá Norte,AN6-2017-15,Activo,Jurídica,Privada,Medellín,San Cristobal,Las Playas,Industrial,160AN-RES1810-5884,Por la cual se otorga un permiso,30/10/2018
Panzenú,PZ6-2018-4,Archivado,Jurídica,Privada,Zaragoza,No registrado,Chilona Abajo,Explotación minera,160PZ-RES1805-2680,Por la cual se otorga un permiso,18/05/2018
Tahamíes,TH6-2010-2,Archivado,Jurídica,Privada,Yarumal,No registrado,Santa Isabel,Quemas abiertas controladas en zonas rurales,130TH-1211-9643,Por la cual se termina anticipadamente un trámite o permiso,30/11/2012
Zenufaná,ZF6-2014-2,Archivado,Jurídica,Privada,Segovia,No registrado,No registrada,Descargas Atmosféricas por chimeneas o ductos(servicio),160ZF-RES1911-6672,Por la cual se acepta un desistimiento,19/11/2019
Aburrá Norte,AN6-2004-1,Archivado,Jurídica,Privada,Girardota,No registrado,La Matica,Descargas Atmosféricas por chimeneas o ductos (industriales),130AN-3436,Por la cual se toma una determinación,20/06/2005
Zenufaná,ZF6-2012-4,Archivado,Jurídica,Privada,Vegachí,No registrado,No registrada,Quemas abiertas controladas en zonas rurales,130ZF-1305-5944,Por la cual se otorga un permiso,17/05/2013
Aburrá Norte,AN6-2005-1,Activo,Jurídica,Privada,Girardota,No registrado,San Esteban,Descargas Atmosféricas por chimeneas o ductos (industriales),160AN-RES1705-2658,Por la cual se prorroga un permiso,30/05/2017
Panzenú,PZ6-2017-7,Activo,Jurídica,Privada,Zaragoza,No registrado,Chilona,Operación de calderas,160PZ-RES2207-4345,Por la cual se prorroga un permiso,29/07/2022
Zenufaná,ZF6-2009-10,Activo,Jurídica,Privada,Puerto Nare,La Sierra,Caño Seco,Explotación minera,160ZF-1612-8383,Por la cual se otorga un permiso,13/12/2016
Aburrá Sur,AS6-1996-20,Archivado,Jurídica,Privada,Amagá,No registrado,La Gualí,Descargas Atmosféricas por chimeneas o ductos (industriales),130AS-23,Por la cual se niega un permiso de emisiones atmosféricas para fuentes fijas,11/01/1995
Zenufaná,ZF6-2013-1,Activo,Jurídica,Privada,Puerto Nare,La Sierra,No registrada,Industrial,160ZF-RES1910-5301,Por la cual se adopta una decisión,02/10/2019
Zenufaná,ZF6-2017-2,Archivado,Jurídica,Privada,Yolombó,No registrado,Cachumbal,Quemas abiertas controladas en zonas rurales,160ZF-RES1704-1680,Por la cual se inadmite una solicitud,04/04/2017
Aburrá Sur,AS6-2013-3,Archivado,Jurídica,Privada,Itaguí,No registrado,Los Gómez,Operación de calderas,160AS-RES2003-1250,Por la cual se archiva un expediente,16/03/2020
Zenufaná,ZF6-2012-2,Archivado,Jurídica,Privada,Caracolí,No registrado,Botijas,Quemas abiertas controladas en zonas rurales,160ZF-RES1810-5786,Por la cual se archiva un expediente,23/10/2018
Zenufaná,ZF6-2009-11,Activo,Jurídica,Privada,Puerto Nare,No registrado,Canteras,Explotación minera,160ZF-RES2111-7959,Por la cual se prorroga un permiso,30/11/2021
Aburrá Norte,AN6-2015-1,Archivado,Jurídica,Privada,Medellín,San Cristobal,Las Playas,Industrial,160AN-1602-17800,Por la cual se niega un permiso,05/02/2016
Zenufaná,ZF6-2009-5,Archivado,Natural,-No aplica-,Segovia,No registrado,No registrada,Explotación minera,130ZF-1201-4894,Por la cual se adopta una decisión,18/01/2012
Aburrá Norte,AN6-2007-3,Archivado,Jurídica,Privada,Girardota,No registrado,San Diego,Descargas Atmosféricas por chimeneas o ductos (industriales),130AN-5388,Por la cual se aclara una decisión,20/11/2006
Zenufaná,ZF6-2014-3,Activo,Jurídica,Privada,Puerto Berrío,No registrado,No registrada,Descargas Atmosféricas por chimeneas o ductos(servicio),160ZF-1504-7118,Por la cual se adopta una decisión,30/04/2015
Aburrá Sur,AS6-2010-2,Activo,Jurídica,Privada,Sabaneta,No registrado,No registrada,Utilización de Aceites usados,130AS-1308-7773,Por la cual se adopta una decisión,29/08/2013
Panzenú,PZ6-2018-13,Archivado,Jurídica,Privada,Zaragoza,No registrado,No registrada,Industrial,160PZ-RES1903-1136,Por la cual se otorga un permiso,05/03/2019
Tahamíes,TH6-2012-2,Archivado,Jurídica,Privada,Yarumal,Llanos De Cuiva,No registrada,Industrial,130TH-1403-10678,Por la cual se inadmite una solicitud,21/03/2014
Aburrá Norte,AN6-2003-2,Activo,Jurídica,Privada,Medellín,San Cristobal,La Loma,Explotación minera,160AN-1502-16377,Por la cual se otorga un plazo adicional,26/02/2015
Aburrá Norte,AN6-1998-176,Archivado,Natural,-No aplica-,Bello,No registrado,Granizal,Industrial,160AN-RES2112-7996,Por la cual se declara el desistimiento tácito,01/12/2021
Zenufaná,ZF6-2009-10,Activo,Jurídica,Privada,Puerto Nare,La Sierra,Caño Seco,Explotación minera,160ZF-RES1807-3793,Por la cual se adopta una decisión,06/07/2018
Panzenú,PZ6-2008-1,Archivado,Jurídica,Privada,Caucasia,Las Malvinas,No registrada,Operación de calderas,130PZ-1663,Por la cual se otorga un permiso de emisiones atmosféricas para fuentes fijas,27/07/2009
Zenufaná,ZF6-2004-22,Archivado,Natural,-No aplica-,Segovia,No registrado,No registrada,Emisiones de contaminantes por explotación minera,130ZF-1108-4610,Por la cual se adopta una decisión,03/08/2011
Tahamíes,TH6-2009-1,Archivado,Jurídica,Privada,Yarumal,Llanos De Cuiva,No registrada,Descargas Atmosféricas por chimeneas o ductos (industriales),130TH-1212-9652,Por la cual se niega un permiso,06/12/2012
Zenufaná,ZF6-2018-2,Archivado,Natural,-No aplica-,Yalí,No registrado,San Pedrito,Quemas abiertas controladas en zonas rurales,160ZF-RES1809-5089,Por la cual se otorga un permiso,19/09/2018
Tahamíes,TH6-2010-4,Archivado,Jurídica,Privada,Toledo,No registrado,Taque,Descargas Atmosféricas por chimeneas o ductos (industriales),No registra,Por la cual se traspasa un permiso,21/12/2011
Aburrá Sur,AS6-2015-1,Archivado,Jurídica,Privada,Amagá,No registrado,La Gualí,Explotación minera,160AS-1512-9679,Por la cual se acepta un desistimiento tácito,04/12/2015
Panzenú,PZ6-2013-1,Activo,Jurídica,Privada,Caucasia,No registrado,No registrada,Industrial,160PZ-RES2101-262,Por la cual se prorroga un permiso,21/01/2021
Zenufaná,ZF6-2014-3,Activo,Jurídica,Privada,Puerto Berrío,No registrado,No registrada,Descargas Atmosféricas por chimeneas o ductos(servicio),160ZF-RES1703-1608,Por la cual se adopta una decisión,30/03/2017
Aburrá Sur,AS6-2014-1,Archivado,Jurídica,Privada,Amagá,No registrado,Piedecuesta,Producción de combustibles.,160AS-1506-9279,Por la cual se adopta una decisión,30/06/2015
Aburrá Norte,AN6-2012-4,Activo,Jurídica,Privada,Medellín,San Cristobal,No registrada,Industrial,130AN-1209-13429,Por la cual se otorga un permiso,14/09/2012
Aburrá Norte,AN6-2007-2,Archivado,Natural,-No aplica-,Copacabana,No registrado,Peñolcito,Explotación minera,160AN-1509-17265,Por la cual se acepta un desistimiento tácito,18/09/2015
Aburrá Sur,AS6-2012-2,Archivado,Jurídica,Privada,Envigado,No registrado,No registrada,Industrial,130AS-5010,Por la cual se aprueba verificacion de fuentes móviles,26/03/2009
Zenufaná,ZF6-2021-1,Archivado,Natural,-No aplica-,Yolombó,No registrado,Resumideros,No aplica,160ZF-RES2104-2078,Por la cual se declara el desistimiento tácito,15/04/2021
Aburrá Norte,AN6-2005-1,Activo,Jurídica,Privada,Girardota,No registrado,San Esteban,Descargas Atmosféricas por chimeneas o ductos (industriales),160AN-RES1705-2354,Por la cual se resuelve un recurso de reposición,15/05/2017
Aburrá Norte,AN6-2002-1,Archivado,Jurídica,Privada,Barbosa,No registrado,El Machete,Operación de calderas,130AN-1108-12315,Por la cual se adopta una decisión,31/08/2011
Zenufaná,ZF6-2020-9,Activo,Jurídica,Privada,Remedios,No registrado,Belén,Industrial,160ZF-RES2312-6574,Por la cual se archiva un expediente,13/12/2023
Aburrá Sur,AS6-2023-1,Archivado,Jurídica,Privada,Itaguí,No registrado,El Ajizal,Operación de calderas,160AS-RES2303-1164,Por la cual se otorga un permiso,31/03/2023
Zenufaná,ZF6-2005-21,Archivado,Jurídica,Privada,Amalfi,No registrado,No registrada,Emisiones de contaminantes por explotación minera,160ZF-RES1807-3768,Por la cual se archiva un expediente,04/07/2018
Aburrá Norte,AN6-2020-8,Archivado,Jurídica,Privada,Girardota,No registrado,La Palma,Operación de calderas,160AN-RES2210-5825,Por la cual se acepta un desistimiento,06/10/2022
Tahamíes,TH6-2015-1,Activo,Jurídica,Privada,Yarumal,Llanos De Cuiva,No registrada,Operación de calderas,160TH-1601-12460,Por la cual se otorga un permiso,26/01/2016
Panzenú,PZ6-2018-13,Archivado,Jurídica,Privada,Zaragoza,No registrado,No registrada,Industrial,160PZ-RES2111-7467,Por la cual se adopta una decisión,16/11/2021
Zenufaná,ZF6-2009-6,Archivado,Jurídica,Privada,Vegachí,No registrado,Corinto,Quemas abiertas controladas en zonas rurales,130ZF-1105-4489,Por la cual se adopta una decisión,17/05/2011
Aburrá Norte,AN6-2008-4,Archivado,Jurídica,Privada,Medellín,Altavista,No registrada,Operación de calderas,160AN-RES1805-2704,Por la cual se otorga un permiso y se toman otras determinaciones,21/05/2018
Aburrá Sur,AS6-2007-2,Archivado,Jurídica,Privada,Envigado,No registrado,No registrada,No aplica,130AS-3985,Por la cual se otorga un permiso de emisiones atmosféricas para fuentes fijas,24/04/2007
Aburrá Norte,AN6-2012-6,Activo,Jurídica,Privada,Medellín,No registrado,Belen Aguas Frias,Operación de calderas,160AN-RES1811-6475,Por la cual se niega una prorroga,22/11/2018
Cartama,CA6-2022-1,Archivado,Jurídica,Privada,Caramanta,No registrado,Aguadita Grande,Emisiones transitorias (construcciones),160CA-RES2208-4523,Por la cual se acepta un desistimiento,08/08/2022
Aburrá Norte,AN6-2020-10,Activo,Jurídica,Privada,Girardota,No registrado,San Andres,Industrial,160AN-RES2501-205,Por la cual se termina anticipadamente un trámite o permiso,22/01/2025
Tahamíes,TH6-2010-4,Archivado,Jurídica,Privada,Toledo,No registrado,Taque,Descargas Atmosféricas por chimeneas o ductos (industriales),130TH-1205-9015,Por la cual se niega una prorroga,07/05/2012
Zenufaná,ZF6-2009-12,Archivado,Jurídica,Privada,Vegachí,No registrado,El Churú,Quemas abiertas controladas en zonas rurales,130ZF-1201-4900,Por la cual se adopta una decisión,20/01/2012
Aburrá Norte,AN6-2019-6,Activo,Jurídica,Privada,Girardota,No registrado,San Diego,Industrial,160AN-RES2009-5408,Por la cual se otorga un permiso,24/09/2020
Aburrá Sur,AS6-2006-2,Archivado,-No aplica-,No registra,Envigado,No registrado,No registrada,No aplica,130AS-3822,Por la cual se prorroga un permiso de emisiones atmosféricas para fuentes fijas,11/01/2007
Zenufaná,ZF6-2004-3,Archivado,Natural,-No aplica-,Segovia,No registrado,No registrada,No aplica,130ZF-1104-4377,Por la cual se adopta una decisión,06/04/2011
Panzenú,PZ6-2000-1,Archivado,Jurídica,Privada,El Bagre,No registrado,No registrada,Industrial,130PZ-1207-2171,Por la cual se prorroga un permiso,27/07/2012
Aburrá Sur,AS6-2015-4,Archivado,Jurídica,Privada,Amagá,No registrado,Palenque,Explotación minera,160AS-RES1809-5172,Por la cual se archiva un expediente,21/09/2018
Zenufaná,ZF6-2012-5,Archivado,Jurídica,Privada,Yalí,No registrado,San Pedrito,Quemas abiertas controladas en zonas rurales,160ZF-RES1810-5784,Por la cual se archiva un expediente,23/10/2018
Aburrá Norte,AN6-1998-168,Archivado,Natural,-No aplica-,Medellín,Altavista,Aguas Frias,Emisiones de contaminantes por explotación minera,160AN-1510-17384,Por la cual se acepta un desistimiento tácito,22/10/2015
Zenufaná,ZF6-2020-9,Activo,Jurídica,Privada,Remedios,No registrado,Belén,Industrial,160ZF-RES2110-6489,Por la cual se resuelve un recurso de reposición,07/10/2021
Zenufaná,ZF6-2009-14,Archivado,Natural,-No aplica-,Segovia,No registrado,No registrada,Industrial,130ZF-1201-4890,Por la cual se adopta una decisión,18/01/2012
Aburrá Norte,AN6-2005-5,Archivado,Jurídica,Privada,Medellín,San Cristobal,Las Playas,Descargas Atmosféricas por chimeneas o ductos (industriales),130AN-7563,Por la cual se adopta una decisión,11/10/2007
Zenufaná,ZF6-2015-3,Activo,Jurídica,Privada,Remedios,No registrado,El Chiquillo,Industrial,160ZF-1602-7832,Por la cual se otorga un permiso,15/02/2016
Tahamíes,TH6-2015-2,Archivado,Jurídica,Privada,Santa Rosa De Osos,No registrado,No registrada,No aplica,160TH-RES2109-5571,Por la cual se archiva un expediente,02/09/2021
Zenufaná,ZF6-2020-4,Archivado,Jurídica,Privada,Puerto Berrío,No registrado,Dorado Calamar,Industrial,160ZF-RES2212-8402,Por la cual se prorroga una autorización,30/12/2022
Tahamíes,TH6-2017-17,Archivado,Jurídica,Privada,Anorí,No registrado,La Soledad,Explotación minera,160TH-RES2112-8503,Por la cual se acepta un desistimiento,15/12/2021
Aburrá Norte,AN6-2020-10,Activo,Jurídica,Privada,Girardota,No registrado,San Andres,Industrial,160AN-RES2111-7192,Por la cual se otorga un permiso,05/11/2021
Zenufaná,ZF6-2004-15,Archivado,Natural,-No aplica-,Segovia,No registrado,No registrada,Descargas Atmosféricas por chimeneas o ductos(servicio),130ZF-1104-4430,Por la cual se adopta una decisión,29/04/2011
Hevéxicos,HX6-2015-1,Archivado,Jurídica,Privada,Sopetrán,No registrado,No registrada,Industrial,160HX-1611-8547,Por la cual se resuelve un recurso de reposición,18/11/2016
Tahamíes,TH6-2013-2,Activo,Jurídica,Privada,Campamento,No registrado,La Solita,Explotación minera,160TH-1509-11900,Por la cual se adopta una decisión,09/09/2015
Zenufaná,ZF6-2005-20,Archivado,Natural,-No aplica-,Segovia,No registrado,No registrada,Descargas Atmosféricas por chimeneas o ductos(servicio),130ZF-4130,Por la cual se niega un permiso de emisiones atmosféricas para fuentes fijas,22/09/2010
Aburrá Sur,AS6-2016-2,Activo,Jurídica,Privada,Amagá,No registrado,No registrada,Descargas Atmosféricas por chimeneas o ductos (industriales),160AS-RES1701-321,Por la cual se otorga un permiso,19/01/2017
Panzenú,PZ6-2017-16,Activo,Jurídica,Privada,El Bagre,No registrado,No registrada,Explotación minera,160PZ-RES1810-5857,Por la cual se resuelve un recurso de reposición,26/10/2018
Panzenú,PZ6-2016-1,Activo,Jurídica,Privada,Zaragoza,No registrado,Chilona,Emisiones transitorias (construcciones),160PZ-RES2208-4929,Por la cual se adopta una decisión,24/08/2022
Aburrá Norte,AN6-2007-4,Activo,Jurídica,Privada,Medellín,Altavista,Aguas Frias,Emisiones de contaminantes por explotación minera,160AN-RES1803-1055,Por la cual se acepta un desistimiento tácito,06/03/2018
Aburrá Sur,AS6-2010-2,Activo,Jurídica,Privada,Sabaneta,No registrado,No registrada,Utilización de Aceites usados,160AS-RES1709-4782,Por la cual se adopta una decisión,07/09/2017
Zenufaná,ZF6-2008-3,Archivado,Jurídica,Privada,Caracolí,No registrado,Canalones,Incineración de Residuos Sólidos,130ZF-1105-4491,Por la cual se adopta una decisión,17/05/2011
Zenufaná,ZF6-2017-5,Archivado,Jurídica,Privada,Yolombó,No registrado,Los Totumos,Quemas abiertas controladas en zonas rurales,160ZF-RES1704-1681,Por la cual se inadmite una solicitud,04/04/2017
Aburrá Sur,AS6-2005-1,Activo,Jurídica,Privada,Amagá,No registrado,Piedecuesta,Descargas Atmosféricas por chimeneas o ductos (industriales),130AS-1202-6579,Por la cual se otorga un permiso,11/02/2012
Zenufaná,ZF6-2007-5,Activo,Jurídica,Publica,Puerto Nare,La Sierra,No registrada,Operación de plantas termoeléctricas,130ZF-1309-6137,Por la cual se prorroga un permiso,13/09/2013
Aburrá Norte,AN6-2016-2,Activo,Jurídica,Privada,Girardota,No registrado,El Paraiso,Industrial,160AN-RES2005-2644,Por la cual se otorga un permiso,14/05/2020
Zenufaná,ZF6-2005-9,Archivado,Natural,-No aplica-,Segovia,No registrado,No registrada,Descargas Atmosféricas por chimeneas o ductos(Comerciales),130ZF-1201-4859,Por la cual se adopta una decisión,06/01/2012
Aburrá Sur,AS6-2016-2,Activo,Jurídica,Privada,Amagá,No registrado,No registrada,Descargas Atmosféricas por chimeneas o ductos (industriales),160AS-RES2009-5228,"Por la cual se modifica un permiso, concesión o autorización",15/09/2020
Aburrá Sur,AS6-2010-2,Activo,Jurídica,Privada,Sabaneta,No registrado,No registrada,Utilización de Aceites usados,160AS-RES2112-8015,Por la cual se adopta una decisión,02/12/2021
Aburrá Norte,AN6-2018-3,Activo,Jurídica,Privada,Medellín,No registrado,No registrada,Industrial,160AN-RES1806-3146,Por la cual se otorga un permiso,07/06/2018
Zenufaná,ZF6-2011-6,Archivado,Jurídica,Privada,Amalfi,No registrado,No registrada,Quemas abiertas controladas en zonas rurales,130ZF-1202-5012,Por la cual se otorga un permiso,17/02/2012
Aburrá Norte,AN6-2023-3,Activo,Jurídica,Privada,Medellín,Altavista,Aguas Frias,Operación de calderas,160AN-RES2409-3996,Por la cual se adopta una decisión,12/09/2024
Zenufaná,ZF6-2007-4,Archivado,Jurídica,Privada,Puerto Nare,No registrado,No registrada,No aplica,130ZF-1409-6718,Por la cual se archiva un expediente,15/09/2014
Tahamíes,TH6-2019-15,Activo,Jurídica,Privada,Yarumal,No registrado,No registrada,Procesos o actividades susceptibles de producir misiones de,160TH-RES2001-523,Por la cual se adopta una decisión,30/01/2020
Aburrá Norte,AN6-1996-108,Archivado,Jurídica,Privada,Copacabana,No registrado,Ancón 2,Industrial,130AN-3808,Por la cual se toma una determinación,12/10/2005
Panzenú,PZ6-2018-4,Archivado,Jurídica,Privada,Zaragoza,No registrado,Chilona Abajo,Explotación minera,160PZ-RES1906-3045,"Por la cual se modifica un permiso, concesión o autorización",13/06/2019
Panzenú,PZ6-2007-3,Archivado,Jurídica,Privada,Tarazá,No registrado,No registrada,Industrial,130PZ-1531,Por la cual se otorga un permiso de vertimientos.,11/09/2008
Aburrá Sur,AS6-2012-2,Archivado,Jurídica,Privada,Envigado,No registrado,No registrada,Industrial,130AS-5381,Por la cual se toma una determinación,16/02/2010
Tahamíes,TH6-2010-1,Archivado,Jurídica,Privada,San Andrés De Cuerquia,No registrado,Taque,Descargas Atmosféricas por chimeneas o ductos (industriales),130TH-7994,Por la cual se otorga un permiso de emisiones atmosféricas para fuentes fijas,21/10/2010
Aburrá Norte,AN6-1996-2,Archivado,Jurídica,Privada,Medellín,San Antonio De Prado,Yarumalito,Quemas abiertas controladas en zonas rurales,130AN-281,Por la cual se toma una determinación,20/04/1999
Zenufaná,ZF6-2009-6,Archivado,Jurídica,Privada,Vegachí,No registrado,La Unión,Quemas abiertas controladas en zonas rurales,130ZF-1105-4489,Por la cual se adopta una decisión,17/05/2011
Aburrá Norte,AN6-2012-4,Activo,Jurídica,Privada,Medellín,San Cristobal,No registrada,Industrial,160AN-RES1802-770,Por la cual se traspasa un permiso,20/02/2018
Citará,CI6-2018-8,Activo,Jurídica,Privada,Ciudad Bolívar,No registrado,No registrada,No aplica,160CI-RES1812-7611,Por la cual se otorga el certificado en materia de revisión de gases,28/12/2018
Aburrá Norte,AN6-2018-5,Activo,Jurídica,Privada,Girardota,No registrado,San Diego,Explotación minera,160AN-RES2402-454,Por la cual se prorroga un permiso,08/02/2024
Aburrá Sur,AS6-2019-13,Archivado,Jurídica,Privada,Itaguí,No registrado,El Ajizal,Descargas Atmosféricas por chimeneas o ductos (industriales),160AS-RES2103-1528,Por la cual se niega un permiso,16/03/2021
Aburrá Sur,AS6-2010-2,Activo,Jurídica,Privada,Sabaneta,No registrado,No registrada,Utilización de Aceites usados,160AS-RES1709-4713,Por la cual se resuelve un recurso de reposición,01/09/2017
Cartama,CA6-2020-6,Activo,Jurídica,Privada,La Pintada,No registrado,No registrada,Operación de calderas,160CA-RES2009-5513,Por la cual se otorga un permiso,28/09/2020
Zenufaná,ZF6-2012-3,Archivado,Jurídica,Privada,Yolombó,No registrado,No registrada,Quemas abiertas controladas en zonas rurales,160ZF-RES1705-2309,Por la cual se archiva un expediente,11/05/2017
Aburrá Norte,AN6-2024-1,Archivado,Jurídica,Privada,Bello,No registrado,No registrada,Industrial,160AN-RES2409-4218,Por la cual se niega un permiso,27/09/2024
Cartama,CA6-2020-12,Activo,Natural,-No aplica-,Venecia,Bolombolo,No registrada,Explotación minera,160CA-RES2312-7233,Por la cual se termina anticipadamente un trámite o permiso,29/12/2023
Aburrá Norte,AN6-2019-12,Activo,Jurídica,Privada,Girardota,No registrado,San Andres,Explotación minera,160AN-RES2003-1126,Por la cual se otorga un permiso,10/03/2020
Aburrá Norte,AN6-2019-5,Archivado,Jurídica,Privada,Medellín,San Cristobal,Boquerón,Descargas Atmosféricas por chimeneas o ductos (industriales),160AN-RES2108-5459,Por la cual se acepta un desistimiento,27/08/2021
Zenufaná,ZF6-2010-3,Archivado,Jurídica,Privada,Vegachí,El Tigre,No registrada,Industrial,130ZF-4042,Por la cual se archiva un expediente de fuentes fijas,14/07/2010
Aburrá Norte,AN6-1996-59,Archivado,Jurídica,-No aplica-,Barbosa,No registrado,Isaza,Operación de calderas,130AN-1104-11277,Por la cual se adopta una decisión,11/04/2011
Aburrá Norte,AN6-2014-4,Activo,Jurídica,Privada,Medellín,Altavista,No registrada,Descargas Atmosféricas por chimeneas o ductos (industriales),160AN-RES1702-721,Por la cual se otorga un permiso,14/02/2017
Cartama,CA6-2021-2,Activo,Jurídica,Privada,La Pintada,No registrado,No registrada,Industrial,160CA-RES2103-1772,Por la cual se otorga un permiso,26/03/2021
Aburrá Norte,AN6-2021-6,Activo,Jurídica,Privada,Medellín,Altavista,Aguas Frias,Industrial,160AN-RES2112-9054,Por la cual se niega un permiso,22/12/2021
Zenufaná,ZF6-2004-1,Archivado,Jurídica,-No aplica-,Puerto Nare,La Sierra,No registrada,Descargas Atmosféricas por chimeneas o ductos (industriales),130ZF-2533,Por la cual se otorga un permiso de emisiones atmosféricas para fuentes fijas,22/12/2006
Aburrá Sur,AS6-2012-1,Archivado,Natural,-No aplica-,Amagá,No registrado,La Ferreria,Operación de calderas,130AS-1411-8772,Por la cual se acepta un desistimiento tácito,10/11/2014
Aburrá Norte,AN6-2006-2,Archivado,Natural,-No aplica-,Copacabana,No registrado,Ancón 2,Industrial,160AN-RES1705-2342,Por la cual se archiva un expediente,12/05/2017
Zenufaná,ZF6-2014-3,Activo,Jurídica,Privada,Puerto Berrío,No registrado,No registrada,Descargas Atmosféricas por chimeneas o ductos(servicio),160ZF-RES2101-22,Por la cual se adopta una decisión,05/01/2021
Hevéxicos,HX6-2014-3,Archivado,Natural,-No aplica-,Buriticá,No registrado,No registrada,Emisiones de contaminantes por explotación minera,160HX-1503-7654,Por la cual se niega un permiso,11/03/2015
Aburrá Norte,AN6-2013-1,Archivado,Jurídica,Privada,Medellín,No registrado,Belencito Corazón,Emisiones de contaminantes por explotación minera,130AN-1403-14932,Por la cual se archiva un expediente,25/03/2014
Panzenú,PZ6-2017-11,Archivado,Jurídica,Privada,Caucasia,No registrado,El Tigre N 1,Emisiones de contaminantes por explotación minera,160PZ-RES1910-5811,Por la cual se archiva un expediente,23/10/2019
Aburrá Sur,AS6-2017-10,Archivado,Jurídica,Privada,Itaguí,No registrado,No registrada,Descargas Atmosféricas por chimeneas o ductos (industriales),160AS-RES1711-6581,Por la cual se otorga un permiso,24/11/2017
Zenufaná,ZF6-2010-9,Archivado,Jurídica,Privada,Yolombó,No registrado,No registrada,Quemas abiertas controladas en zonas rurales,130ZF-1103-4333,Por la cual se otorga un permiso,07/03/2011
Aburrá Norte,AN6-1996-2,Archivado,Jurídica,Privada,Medellín,San Antonio De Prado,Yarumalito,Quemas abiertas controladas en zonas rurales,160AN-RES1705-2642,Por la cual se archiva un expediente,26/05/2017
Zenufaná,ZF6-2009-12,Archivado,Jurídica,Privada,Vegachí,No registrado,El Pescado,Quemas abiertas controladas en zonas rurales,130ZF-4207,Por la cual se otorga un permiso de emisiones atmosféricas para fuentes fijas,17/11/2010
Tahamíes,TH6-2016-1,Activo,Jurídica,Privada,Yarumal,Llanos De Cuiva,No registrada,Operación de calderas,160TH-1604-12583,Por la cual se inadmite una solicitud,14/04/2016
Cartama,CA6-2018-10,Archivado,Jurídica,Privada,Támesis,No registrado,No registrada,Emisiones de contaminantes por explotación minera,160CA-RES1901-41,Por la cual se otorga un permiso,09/01/2019
Aburrá Sur,AS6-2007-1,Archivado,Jurídica,Privada,Caldas,No registrado,La Aguacatala,Descargas Atmosféricas por chimeneas o ductos (industriales),130AS-1209-7051,Por la cual se adopta una decisión,20/09/2012
Tahamíes,TH6-2012-1,Archivado,Jurídica,Privada,San Pedro De Los Milagros,No registrado,No registrada,Descargas Atmosféricas por chimeneas o ductos (industriales),130TH-1301-9776,Por la cual se otorga un permiso,08/01/2013
Aburrá Sur,AS6-2010-3,Archivado,Natural,-No aplica-,La Estrella,No registrado,No registrada,Emisiones transitorias (construcciones),No registra,Por la cual se adopta una decisión,19/05/2011
Aburrá Sur,AS6-2020-1,Activo,Jurídica,Privada,Amagá,No registrado,La Gualí,No aplica,160AS-RES2008-4546,Por la cual se otorga un permiso,11/08/2020
Zenufaná,ZF6-2010-6,Archivado,Jurídica,Privada,Caracolí,No registrado,Canalones,Quemas abiertas controladas en zonas rurales,130ZF-1103-4332,Por la cual se otorga un permiso de emisiones atmosféricas para fuentes fijas,07/03/2011
Zenufaná,ZF6-2011-4,Archivado,Jurídica,Privada,Vegachí,No registrado,Corinto,Quemas abiertas controladas en zonas rurales,130ZF-1208-5354,Por la cual se otorga un permiso,22/08/2012
Aburrá Norte,AN6-2005-3,Archivado,Jurídica,Privada,Medellín,Altavista,Aguas Frias,Descargas Atmosféricas por chimeneas o ductos (industriales),160AN-RES2203-1544,Por la cual se archiva un expediente,18/03/2022
Panzenú,PZ6-2016-1,Activo,Jurídica,Privada,Zaragoza,No registrado,Chilona,Emisiones transitorias (construcciones),160PZ-RES1807-3925,"Por la cual se modifica un permiso, concesión o autorización",18/07/2018
Aburrá Sur,AS6-2015-1,Archivado,Jurídica,Privada,Amagá,No registrado,La Gualí,Explotación minera,160AS-1612-10497,Por la cual se resuelve un recurso de reposición,30/12/2016
Hevéxicos,HX6-2014-2,Archivado,Jurídica,Privada,Santa Fé De Antioquia,No registrado,No registrada,Procesos susceptibles de producir emisiones de sust. tóxicas,160HX-RES1806-3744,Por la cual se adopta una decisión,29/06/2018
Aburrá Norte,AN6-2005-1,Activo,Jurídica,Privada,Girardota,No registrado,San Esteban,Descargas Atmosféricas por chimeneas o ductos (industriales),130AN-3741,Por la cual se otorga un permiso de emisiones atmosféricas para fuentes fijas,14/09/2005
Aburrá Norte,AN6-2023-4,Activo,Jurídica,Privada,Medellín,Altavista,No registrada,Operación de calderas,160AN-RES2312-6356,Por la cual se otorga un permiso,04/12/2023
Aburrá Norte,AN6-2005-1,Activo,Jurídica,Privada,Girardota,No registrado,San Esteban,Descargas Atmosféricas por chimeneas o ductos (industriales),160AN-RES1702-951,Por la cual se niega una prorroga,24/02/2017
Aburrá Sur,AS6-2012-1,Archivado,Natural,-No aplica-,Amagá,No registrado,La Ferreria,Operación de calderas,160AS-1511-9611,Por la cual se resuelve un recurso de reposición,12/11/2015
Zenufaná,ZF6-2004-24,Archivado,Jurídica,Privada,Yondó,No registrado,No registrada,Incineración de Residuos Sólidos,130ZF-1313,Por la cual se otorga un permiso de emisiones atmosféricas para fuentes fijas,10/11/2004
Aburrá Sur,AS6-2014-1,Archivado,Jurídica,Privada,Amagá,No registrado,Piedecuesta,Operación de calderas,160AS-1506-9279,Por la cual se adopta una decisión,30/06/2015
Aburrá Sur,AS6-2016-1,Activo,Jurídica,Privada,Amagá,No registrado,No registrada,Descargas Atmosféricas por chimeneas o ductos (industriales),160AS-RES2312-6729,Por la cual se prorroga un permiso,19/12/2023
Aburrá Norte,AN6-1997-153,Archivado,Jurídica,Privada,Medellín,Altavista,No registrada,Industrial,130AN-1409-15604,Por la cual se archiva un expediente,16/09/2014
Aburrá Sur,AS6-2006-2,Archivado,-No aplica-,No registra,Envigado,No registrado,No registrada,No aplica,130AS-3466,Por la cual se aprueba verificacion de fuentes móviles,09/08/2006
Aburrá Norte,AN6-2016-1,Archivado,Jurídica,Privada,Bello,No registrado,No registrada,Emisiones de contaminantes por explotación minera,160AN-RES2206-3687,Por la cual se declara el desistimiento tácito,24/06/2022
Aburrá Sur,AS6-2018-1,Archivado,Jurídica,Privada,Amagá,No registrado,La Clara,Industrial,160AS-RES1804-2216,Por la cual se niega un permiso,25/04/2018
Aburrá Norte,AN6-2008-5,Archivado,Natural,-No aplica-,Barbosa,No registrado,No registrada,Incineración de Residuos Sólidos,160AN-1509-17281,Por la cual se acepta un desistimiento tácito,23/09/2015
Aburrá Sur,AS6-2007-2,Archivado,Jurídica,Privada,Envigado,No registrado,No registrada,No aplica,160AS-1611-10305,Por la cual se adopta una decisión,10/11/2016
Zenufaná,ZF6-2005-16,Archivado,Natural,-No aplica-,Segovia,No registrado,No registrada,Procesos susceptibles de producir emisiones de sust. tóxicas,130ZF-1201-4892,Por la cual se adopta una decisión,18/01/2012
Aburrá Norte,AN6-2005-4,Archivado,Jurídica,Privada,Medellín,Altavista,Aguas Frias,Descargas Atmosféricas por chimeneas o ductos (industriales),130AN-4215,Por la cual se otorga un permiso de emisiones atmosféricas para fuentes fijas,11/01/2006
Aburrá Norte,AN6-2018-9,Activo,Jurídica,Privada,Girardota,No registrado,San Andres,Explotación minera,160AN-RES2306-2967,Por la cual se otorga un plazo adicional,27/06/2023
Citará,CI6-2018-8,Activo,Jurídica,Privada,Ciudad Bolívar,No registrado,No registrada,No aplica,160CI-RES2203-1220,"Por la cual se modifica un permiso, concesión o autorización",04/03/2022
Hevéxicos,HX6-2020-11,Activo,Jurídica,Privada,San Jerónimo,No registrado,No registrada,No aplica,160HX-RES2103-1491,Por la cual se adopta una decisión,15/03/2021
Zenufaná,ZF6-2004-25,Archivado,Natural,-No aplica-,Segovia,No registrado,No registrada,Descargas Atmosféricas por chimeneas o ductos(servicio),130ZF-1111-4784,Por la cual se adopta una decisión,23/11/2011
Aburrá Sur,AS6-2012-2,Archivado,Jurídica,Privada,Envigado,No registrado,No registrada,Industrial,130AS-1412-8908,Por la cual se impone una medida preventiva,26/12/2014
Aburrá Sur,AS6-2009-1,Archivado,Jurídica,Privada,La Estrella,No registrado,No registrada,Operación de calderas,130AS-1111-6346,"Por la cual se modifica un permiso, concesión o autorización",10/11/2011
Zenufaná,ZF6-2010-8,Archivado,Jurídica,Privada,Yolombó,La Floresta,No registrada,Quemas abiertas controladas en zonas rurales,130ZF-1102-4319,Por la cual se otorga un permiso,23/02/2011
Aburrá Sur,AS6-2012-2,Archivado,Jurídica,Privada,Envigado,No registrado,No registrada,Industrial,130AS-4696,Por la cual se toma una determinación,06/08/2008
Zenufaná,ZF6-2005-2,Archivado,Natural,-No aplica-,Segovia,No registrado,No registrada,Emisiones de contaminantes por explotación minera,130ZF-1104-4408,Por la cual se adopta una decisión,25/04/2011
Panzenú,PZ6-2017-14,Archivado,Jurídica,Privada,Caucasia,No registrado,No registrada,Descargas Atmosféricas por chimeneas o ductos(Comerciales),160PZ-RES2112-9357,Por la cual se archiva un expediente,29/12/2021
Tahamíes,TH6-2010-1,Archivado,Jurídica,Privada,San Andrés De Cuerquia,No registrado,Taque,Descargas Atmosféricas por chimeneas o ductos (industriales),130TH-7786,Por la cual se otorga un permiso de emisiones atmosféricas para fuentes fijas,23/06/2010
Zenufaná,ZF6-2004-1,Archivado,Jurídica,-No aplica-,Puerto Nare,La Sierra,No registrada,Descargas Atmosféricas por chimeneas o ductos (industriales),130ZF-1202-5001,Por la cual se niega una prorroga,09/02/2012
Aburrá Norte,AN6-2007-4,Activo,Jurídica,Privada,Medellín,Altavista,Aguas Frias,Emisiones de contaminantes por explotación minera,160AN-RES2305-2281,Por la cual se resuelve un recurso de reposición,29/05/2023
Aburrá Sur,AS6-2019-8,Archivado,Jurídica,Privada,Amagá,No registrado,La Gualí,Descargas Atmosféricas por chimeneas o ductos (industriales),160AS-RES1909-5138,Por la cual se inadmite una solicitud,25/09/2019
Zenufaná,ZF6-2010-7,Archivado,Jurídica,Privada,Yolombó,No registrado,No registrada,Quemas abiertas controladas en zonas rurales,130ZF-1103-4352,Por la cual se otorga un permiso de emisiones atmosféricas para fuentes fijas,23/03/2011
Zenufaná,ZF6-2010-11,Archivado,Jurídica,Privada,Yolombó,No registrado,Los Totumos,Quemas abiertas controladas en zonas rurales,130ZF-1202-5010,Por la cual se otorga un permiso,17/02/2012
Aburrá Norte,AN6-2000-5,Archivado,Jurídica,Privada,Medellín,No registrado,No registrada,No aplica,160AN-RES1908-4171,Por la cual se niega un permiso,12/08/2019
Zenufaná,ZF6-2014-1,Activo,Natural,-No aplica-,Remedios,No registrado,No registrada,Utilización de Aceites usados,160ZF-RES2106-3779,Por la cual se adopta una decisión,29/06/2021
Aburrá Sur,AS6-2008-2,Archivado,Jurídica,Privada,Amagá,No registrado,Piedecuesta,Operación de calderas,130AS-5454,Por la cual se otorga un permiso,21/04/2010
Aburrá Norte,AN6-2012-5,Activo,Jurídica,Privada,Copacabana,No registrado,El Noral,Operación de calderas,130AN-1406-15153,Por la cual se niega un permiso,18/06/2014
Aburrá Norte,AN6-2003-2,Activo,Jurídica,Privada,Medellín,San Cristobal,La Loma,Explotación minera,130AN-1411-15881,Por la cual se prorroga un permiso,20/11/2014
Hevéxicos,HX6-2020-5,Archivado,Natural,-No aplica-,Caicedo,No registrado,No registrada,Operación de calderas,160HX-RES2102-1119,Por la cual se archiva un expediente,26/02/2021
Zenufaná,ZF6-2004-1,Archivado,Jurídica,-No aplica-,Puerto Nare,La Sierra,No registrada,Descargas Atmosféricas por chimeneas o ductos (industriales),130ZF-1206-5237,Por la cual se resuelve un recurso de reposición,14/06/2012
Tahamíes,TH6-2017-17,Archivado,Jurídica,Privada,Anorí,No registrado,La Soledad,Explotación minera,160TH-RES1711-6492,Por la cual se otorga un permiso,22/11/2017
Aburrá Norte,AN6-1996-5,Archivado,Jurídica,Privada,Bello,No registrado,Granizal,Descargas Atmosféricas por chimeneas o ductos (industriales),130AN-1110-12641,Por la cual se niega una prorroga,19/10/2011
Aburrá Sur,AS6-2015-2,Activo,Natural,-No aplica-,Itaguí,No registrado,El Ajizal,Industrial,160AS-RES2102-551,Por la cual se prorroga un permiso,04/02/2021
Zenufaná,ZF6-2011-6,Archivado,Jurídica,Privada,Amalfi,No registrado,No registrada,Quemas abiertas controladas en zonas rurales,160ZF-1611-8328,Por la cual se archiva un expediente,21/11/2016
Aburrá Sur,AS6-2020-3,Archivado,Jurídica,Privada,Caldas,No registrado,No registrada,Industrial,160AS-RES2105-3122,Por la cual se declara el desistimiento tácito,31/05/2021
Cartama,CA6-2017-8,Archivado,Jurídica,Privada,Támesis,No registrado,No registrada,Operación de calderas,160CA-RES2207-4078,Por la cual se acepta un desistimiento,18/07/2022
Zenufaná,ZF6-2017-5,Archivado,Jurídica,Privada,Yolombó,No registrado,Los Andes,Quemas abiertas controladas en zonas rurales,160ZF-RES1704-1681,Por la cual se inadmite una solicitud,04/04/2017
Zenufaná,ZF6-2007-5,Activo,Jurídica,Publica,Puerto Nare,La Sierra,No registrada,Operación de plantas termoeléctricas,160ZF-RES2007-4084,Por la cual se prorroga un permiso,17/07/2020
Zenufaná,ZF6-2005-21,Archivado,Jurídica,Privada,Amalfi,No registrado,No registrada,Emisiones de contaminantes por explotación minera,130ZF-1956,Por la cual se otorga un permiso de emisiones atmosféricas para fuentes fijas,04/11/2005
Hevéxicos,HX6-2014-2,Archivado,Jurídica,Privada,Santa Fé De Antioquia,No registrado,No registrada,Procesos susceptibles de producir emisiones de sust. tóxicas,160HX-RES1806-3471,"Por la cual se modifica un permiso, concesión o autorización",25/06/2018
Aburrá Norte,AN6-2016-5,Activo,Jurídica,Privada,Girardota,No registrado,San Esteban,Explotación minera,160AN-RES2311-6060,Por la cual se prorroga un permiso,23/11/2023
Aburrá Norte,AN6-2017-20,Archivado,Jurídica,Privada,Girardota,No registrado,No registrada,Incineración de Residuos Sólidos,160AN-RES1712-6920,Por la cual se rechaza una solicitud,07/12/2017
Aburrá Norte,AN6-2016-2,Activo,Jurídica,Privada,Girardota,No registrado,El Paraiso,Industrial,160AN-RES2107-4533,Por la cual se otorga un plazo adicional,27/07/2021
Zenufaná,ZF6-2012-3,Archivado,Jurídica,Privada,Yolombó,No registrado,No registrada,Quemas abiertas controladas en zonas rurales,130ZF-1207-5331,Por la cual se otorga un permiso,27/07/2012
Aburrá Sur,AS6-2011-1,Archivado,Jurídica,Privada,Amagá,No registrado,La Ferreria,Industrial,130AS-1207-6945,Por la cual se otorga un permiso,31/07/2012
Panzenú,PZ6-2017-21,Activo,Natural,-No aplica-,Caucasia,No registrado,No registrada,Industrial,160PZ-RES1712-7257,Por la cual se otorga un permiso,21/12/2017
Tahamíes,TH6-1996-19,Archivado,Jurídica,Privada,San Pedro De Los Milagros,No registrado,No registrada,Industrial,130TH-5765,Por la cual se prorroga un permiso de emisiones atmosféricas para fuentes fijas,26/02/2007
Tahamíes,TH6-2001-4,Archivado,Jurídica,Privada,Campamento,No registrado,La Solita,Explotación minera,130TH-6403,Por la cual se prorroga un permiso de emisiones atmosféricas para fuentes fijas,08/03/2008
Panzenú,PZ6-2017-16,Activo,Jurídica,Privada,El Bagre,No registrado,No registrada,Explotación minera,160PZ-RES2103-1593,Por la cual se traspasa un permiso,18/03/2021
Zenufaná,ZF6-2020-9,Activo,Jurídica,Privada,Remedios,No registrado,Belén,Industrial,160ZF-RES2306-2476,Por la cual se niega un plazo adicional,01/06/2023
Zenufaná,ZF6-2009-1,Archivado,Jurídica,Privada,Yolombó,No registrado,No registrada,Quemas abiertas controladas en zonas rurales,130ZF-1201-4891,Por la cual se adopta una decisión,18/01/2012
Zenufaná,ZF6-2019-4,Archivado,Jurídica,Privada,Segovia,No registrado,Pocuné,Industrial,160ZF-RES2304-1602,Por la cual se acepta un desistimiento,24/04/2023
Zenufaná,ZF6-2012-6,Archivado,Jurídica,Privada,Yolombó,No registrado,No registrada,Quemas abiertas controladas en zonas rurales,130ZF-1207-5316,Por la cual se otorga un permiso,26/07/2012
Aburrá Norte,AN6-2017-22,Activo,Jurídica,Privada,Medellín,San Cristobal,El Llano,Industrial,160AN-RES2202-818,Por la cual se niega un permiso,16/02/2022
Zenufaná,ZF6-2009-12,Archivado,Jurídica,Privada,Vegachí,No registrado,El Churú,Quemas abiertas controladas en zonas rurales,130ZF-4207,Por la cual se otorga un permiso de emisiones atmosféricas para fuentes fijas,17/11/2010
Cartama,CA6-2018-10,Archivado,Jurídica,Privada,Támesis,No registrado,No registrada,Emisiones de contaminantes por explotación minera,160CA-RES2201-446,Por la cual se acepta un desistimiento,31/01/2022
Zenufaná,ZF6-2014-3,Activo,Jurídica,Privada,Puerto Berrío,No registrado,No registrada,Descargas Atmosféricas por chimeneas o ductos(servicio),160ZF-RES1712-7471,Por la cual se adopta una decisión,28/12/2017
Cartama,CA6-2015-1,Activo,Natural,-No aplica-,Fredonia,Palomos,No registrada,Industrial,160CA-RES1905-2258,Por la cual se resuelve un recurso de reposición,06/05/2019
Panzenú,PZ6-2013-2,Activo,Jurídica,Privada,Caucasia,No registrado,No registrada,Industrial,160PZ-RES1909-4694,Por la cual se prorroga un permiso,06/09/2019
Zenufaná,ZF6-2010-10,Archivado,Jurídica,Privada,Yolombó,No registrado,El Comino,Quemas abiertas controladas en zonas rurales,130ZF-4186,Por la cual se niega un permiso de emisiones atmosféricas para fuentes fijas,29/10/2010
